Title,Link Page
"Livaie v.Weilbacher, Appeal Case No. K1-2003",http://fsmlaw.org/fsm/decisions/vol13/13fsm139_145.html
"State of Chuuk v.Menry Davis, Appeal Case No. C2-2003",http://fsmlaw.org/fsm/decisions/vol13/13fsm178_186.html
"Goya v. Ramp, Appeal Case No.P6-2003",http://fsmlaw.org/fsm/decisions/vol13/13fsm100_109.html
"Nikichiw v. Marsolo, Original Action Case No.02-2004",http://fsmlaw.org/fsm/decisions/vol13/13fsm132_139.html
"Jano v. FSM, Appeal Case No.P3-2000",http://fsmlaw.org/fsm/decisions/vol12/12fsm633_635.html
"Urusemalv. Capelle, Appeal Case No. P1-2004",http://fsmlaw.org/fsm/decisions/vol12/12fsm577_587.html
"Sigrah v.Kosrae, Appeal Case No. K2-2002",http://fsmlaw.org/fsm/decisions/vol12/12fsm320_334.html
"Panuelov. Amayo, Appeal Case No. P4-2001",http://fsmlaw.org/fsm/decisions/vol12/12fsm475_476.html
"FSM Dept. of Finance, et al. v. UdotMunicipality, Appeal Case No. C2-2001",http://fsmlaw.org/fsm/decisions/vol12/12fsm622_625.html
"McIlrath et al. v.Amaraich, Appeal Case No. P9-2002",http://fsmlaw.org/fsm/decisions/vol11/11fsm502_508.html
"8th KosraeLegislature v. FSM Development Bank, Civil Action No.2003-2000",http://fsmlaw.org/fsm/decisions/vol11/11fsm491_501.html
"Rodriguezv. Bank of the FSM, 11 FSM Intrm. 367",http://fsmlaw.org/fsm/decisions/vol11/11fsm367_387.htm
"FSM v. Carl, 1 FSM Intrm. 1",http://fsmlaw.org/fsm/decisions/vol1/1fsm001_003.htm
"In re Robert, 1 FSM Intrm.  4",http://fsmlaw.org/fsm/decisions/vol1/1fsm004_013.htm
"FSM v. Albert, 1 FSM Intrm.  14",http://fsmlaw.org/fsm/decisions/vol1/1fsm014_017.htm
"In re Robert, 1 FSM Intrm.  18",http://fsmlaw.org/fsm/decisions/vol1/1fsm018_021.htm
"FSM v. Boaz (I), 1 FSM Intrm.  22",http://fsmlaw.org/fsm/decisions/vol1/1fsm022_027.htm
"FSM v. Boaz (II), 1 FSM Intrm.  28",http://fsmlaw.org/fsm/decisions/vol1/1fsm028_033.htm
"FSM v. Ruben, 1 FSM Intrm.  34",http://fsmlaw.org/fsm/decisions/vol1/1fsm034_042.htm
"FSM v. Hartman, 1 FSM Intrm.  43",http://fsmlaw.org/fsm/decisions/vol1/1fsm043_046.htm
"Neimes v. Maeda Constr. Co., 1  FSM Intrm. 47",http://fsmlaw.org/fsm/decisions/vol1/1fsm047_052.htm
"Lonno v. Trust Territory (I), 1 FSM  Intrm. 53",http://fsmlaw.org/fsm/decisions/vol1/1fsm053_074.htm
"Lonno v. Trust Territory (II), 1 FSM Intrm.  75",http://fsmlaw.org/fsm/decisions/vol1/1fsm075_078.htm
"FSM v. Tipen, 1 FSM Intrm.  79",http://fsmlaw.org/fsm/decisions/vol1/1fsm079_096.htm
"In re Nahnsen, 1 FSM Intrm.  97",http://fsmlaw.org/fsm/decisions/vol1/1fsm097_113.htm
"Nix v. Ehmes, 1 FSM Intrm.  114",http://fsmlaw.org/fsm/decisions/vol1/1fsm114_126.htm
"Truk v. Otokichy, 1 FSM Intrm.  127",http://fsmlaw.org/fsm/decisions/vol1/1fsm127_132.htm
"Truk v. Otokichy, 1 FSM Intrm.  133",http://fsmlaw.org/fsm/decisions/vol1/1fsm133_134.htm
"FSM v. Mudong, 1 FSM Intrm.  135",http://fsmlaw.org/fsm/decisions/vol1/1fsm135_148.htm
"Tosie v. Tosie, 1 FSM Intrm.  149",http://fsmlaw.org/fsm/decisions/vol1/1fsm149_160.htm
"Manahane v. FSM, 1 FSM Intrm.  161",http://fsmlaw.org/fsm/decisions/vol1/1fsm161_173.htm
"Truk v. Hartman, 1 FSM Intrm.  174",http://fsmlaw.org/fsm/decisions/vol1/1fsm174_182.htm
"In re Otokichy, 1 FSM Intrm.  183",http://fsmlaw.org/fsm/decisions/vol1/1fsm183_195.htm
"FSM v. Yal’Mad, 1 FSM Intrm. 196",http://fsmlaw.org/fsm/decisions/vol1/1fsm196_200.htm
"Suldan v. FSM, 1 FSM Intrm.  201",http://fsmlaw.org/fsm/decisions/vol1/1fsm201_208.htm
"Alaphanso v. FSM, 1 FSM Intrm.  209",http://fsmlaw.org/fsm/decisions/vol1/1fsm209_231.htm
"FSM v. Jonas, 1 FSM Intrm.  231a",http://fsmlaw.org/fsm/decisions/vol1/1fsm231a_238.htm
"In re Iriarte (I), 1 FSM Intrm.  239",http://fsmlaw.org/fsm/decisions/vol1/1fsm239_254.htm
"In re Iriarte (II), 1 FSM Intrm.  255",http://fsmlaw.org/fsm/decisions/vol1/1fsm255_274.htm
"Actouka v. Etpison, 1 FSM Intrm.  275",http://fsmlaw.org/fsm/decisions/vol1/1fsm275_278.htm
"Lonno v. Trust Territory (III), 1  FSM Intrm. 279",http://fsmlaw.org/fsm/decisions/vol1/1fsm279_283.htm
"FSM v. Mark, 1 FSM Intrm.  284",http://fsmlaw.org/fsm/decisions/vol1/1fsm284_298.htm
"FSM v. Nota, 1 FSM Intrm.  299",http://fsmlaw.org/fsm/decisions/vol1/1fsm299_305.htm
"FSM v. Jonas (II), 1 FSM Intrm.  306",http://fsmlaw.org/fsm/decisions/vol1/1fsm306_321a.htm
"Jonas v. FSM, 1 FSM Intrm.  322",http://fsmlaw.org/fsm/decisions/vol1/1fsm322_330.htm
"FSM v. Nena, 1 FSM Intrm.  331",http://fsmlaw.org/fsm/decisions/vol1/1fsm331_337.htm
"Malakai v. FSM, 1 FSM Intrm.  338",http://fsmlaw.org/fsm/decisions/vol1/1fsm338.htm
"Suldan v. FSM (II), 1 FSM Intrm.  339",http://fsmlaw.org/fsm/decisions/vol1/1fsm339_364.htm
"FSM v. Doone, 1 FSM Intrm.  365",http://fsmlaw.org/fsm/decisions/vol1/1fsm365_369.htm
"FSM v. Etpison, 1 FSM Intrm.  370",http://fsmlaw.org/fsm/decisions/vol1/1fsm370_377.htm
"FSM v. Jorg, 1 FSM Intrm.  378",http://fsmlaw.org/fsm/decisions/vol1/1fsm378_388.htm
"Ponape Chamber of Commerce v. Nett  Mun. Gov't, 1 FSM Intrm. 389",http://fsmlaw.org/fsm/decisions/vol1/1fsm389_404.htm
"Etpison v. Perman, 1 FSM Intrm.  405",http://fsmlaw.org/fsm/decisions/vol1/1fsm405_432.htm
"Andohn v. FSM, 1 FSM Intrm.  433",http://fsmlaw.org/fsm/decisions/vol1/1fsm433_448.htm
"FSM v. George, 1 FSM Intrm.  449",http://fsmlaw.org/fsm/decisions/vol1/1fsm449_463.htm
"FSM v. Skilling, 1 FSM Intrm.  464",http://fsmlaw.org/fsm/decisions/vol1/1fsm464_486.htm
"Buekea v. FSM, 1 FSM Intrm.  487",http://fsmlaw.org/fsm/decisions/vol1/1fsm487_495.htm
"Koike v. Ponape Rock Products  Co., 1 FSM Intrm. 496",http://fsmlaw.org/fsm/decisions/vol1/1fsm496_502.htm
"Laion v. FSM, 1 FSM Intrm.  503",http://fsmlaw.org/fsm/decisions/vol1/1fsm503_531.htm
"Engichy v. FSM , 1 FSM Intrm.  532",http://fsmlaw.org/fsm/decisions/vol1/1fsm532_560.htm
"In re Raitoun, 1 FSM Intrm.  561",http://fsmlaw.org/fsm/decisions/vol1/1fsm561_565.htm
"Loch v. FSM, 1 FSM Intrm.  566",http://fsmlaw.org/fsm/decisions/vol1/1fsm566_579.htm
"FSM v. Dores, 1 FSM Intrm.  580",http://fsmlaw.org/fsm/decisions/vol1/1fsm580_588.htm
"FSM v. Raitoun, 1 FSM Intrm.  589",http://fsmlaw.org/fsm/decisions/vol1/1fsm589_594.htm
"Loch v. FSM, 1 FSM Intrm.  595",http://fsmlaw.org/fsm/decisions/vol1/1fsm595_596.htm
"In re Sproat, 2 FSM Intrm. 1",http://fsmlaw.org/fsm/decisions/vol2/2fsm001_008.htm
"Rauzi v. FSM, 2 FSM Intrm. 8",http://fsmlaw.org/fsm/decisions/vol2/2fsm008_020.htm
"Ray v. Electrical Contracting  Corp., 2 FSM Intrm. 21",http://fsmlaw.org/fsm/decisions/vol2/2fsm021_026.htm
"Ludwig v. FSM, 2 FSM Intrm.  27",http://fsmlaw.org/fsm/decisions/vol2/2fsm027_038.htm
"Joker v. FSM, 2 FSM Intrm.  38",http://fsmlaw.org/fsm/decisions/vol2/2fsm038_048.htm
"FSM v. Ponape Builders Constr.  Inc., 2 FSM Intrm. 48",http://fsmlaw.org/fsm/decisions/vol2/2fsm048_053.htm
"Tammow v. FSM, 2 FSM Intrm.  53",http://fsmlaw.org/fsm/decisions/vol2/2fsm053_060.htm
"Heston v. FSM, 2 FSM Intrm.  61",http://fsmlaw.org/fsm/decisions/vol2/2fsm061_066.htm
"Ishizawa v. Pohnpei, 2 FSM Intrm.  67",http://fsmlaw.org/fsm/decisions/vol2/2fsm067_080.htm
"Wainit v. Truk (I), 2 FSM Intrm.  81",http://fsmlaw.org/fsm/decisions/vol2/2fsm081_086.htm
"Wainit v. Truk (II), 2 FSM Intrm.  86",http://fsmlaw.org/fsm/decisions/vol2/2fsm086_088.htm
"FSM v. George, 2 FSM Intrm.  88",http://fsmlaw.org/fsm/decisions/vol2/2fsm088_095.htm
"Aisek v. Foreign Inv. Bd., 2 FSM  Intrm. 95",http://fsmlaw.org/fsm/decisions/vol2/2fsm095_102.htm
"Doone v. FSM, 2 FSM Intrm.  103",http://fsmlaw.org/fsm/decisions/vol2/2fsm103_107.htm
"Luda v. Maeda Road Constr. Co., 2  FSM Intrm. 107",http://fsmlaw.org/fsm/decisions/vol2/2fsm107_115.htm
"Wolfe v. FSM, 2 FSM Intrm.  115",http://fsmlaw.org/fsm/decisions/vol2/2fsm115_123.htm
"Ponape Federation of Coop. Ass’ns  v. FSM, 2 FSM Intrm. 124",http://fsmlaw.org/fsm/decisions/vol2/2fsm124_128.htm
"FSM Dev. Bank v. Rodriguez Corp., 2  FSM Intrm. 128",http://fsmlaw.org/fsm/decisions/vol2/2fsm128_131.htm
"Semens v. Continental Air Lines,  Inc. (I), 2 FSM Intrm. 131",http://fsmlaw.org/fsm/decisions/vol2/2fsm131_150.htm
"Panuelo v. Pohnpei, 2 FSM Intrm.  150",http://fsmlaw.org/fsm/decisions/vol2/2fsm150_164.htm
"Jonas v. Mobil Oil Micronesia, Inc., 2  FSM Intrm. 164",http://fsmlaw.org/fsm/decisions/vol2/2fsm164_167.htm
"Teruo v. FSM, 2 FSM Intrm.  167",http://fsmlaw.org/fsm/decisions/vol2/2fsm167_173.htm
"Innocenti v. Wainit, 2 FSM Intrm.  173",http://fsmlaw.org/fsm/decisions/vol2/2fsm173_188.htm
"FSM v. Jonathan, 2 FSM Intrm.  189",http://fsmlaw.org/fsm/decisions/vol2/2fsm189_200.htm
"Semens v. Continental Air Lines  (II), 2 FSM Intrm. 200",http://fsmlaw.org/fsm/decisions/vol2/2fsm200_209.htm
"Skilling v. FSM, 2 FSM Intrm.  209",http://fsmlaw.org/fsm/decisions/vol2/2fsm209_217.htm
"FSM Dev. Bank v. Estate of Nanpei,  2 FSM Intrm. 217",http://fsmlaw.org/fsm/decisions/vol2/2fsm217_221.htm
"In re Tarpley, 2 FSM Intrm.  221",http://fsmlaw.org/fsm/decisions/vol2/2fsm221_225.htm
"Panuelo v. Pohnpei (II), 2 FSM  Intrm. 225",http://fsmlaw.org/fsm/decisions/vol2/2fsm225_233.htm
"Loch v. FSM, 2 FSM Intrm.  234",http://fsmlaw.org/fsm/decisions/vol2/2fsm234_237.htm
"Jonas v. FSM, 2 FSM Intrm.  238",http://fsmlaw.org/fsm/decisions/vol2/2fsm238_239.htm
"Rawepi v. Billimon, 2 FSM Intrm.  240",http://fsmlaw.org/fsm/decisions/vol2/2fsm240_241.htm
"FSM Dev. Bank v. Mori, 2 FSM Intrm.  242",http://fsmlaw.org/fsm/decisions/vol2/2fsm242_244.htm
"Panuelo v. Pohnpei (III), 2 FSM  Intrm. 244",http://fsmlaw.org/fsm/decisions/vol2/2fsm244_247.htm
"Tolenoa v. Alokoa, 2 FSM Intrm.  247",http://fsmlaw.org/fsm/decisions/vol2/2fsm247_259.htm
"Afituk v. FSM, 2 FSM Intrm.  260",http://fsmlaw.org/fsm/decisions/vol2/2fsm260_265.htm
"Mailo v. Twum-Barimah, 2 FSM Intrm.  265",http://fsmlaw.org/fsm/decisions/vol2/2fsm265_269.htm
"Moses v. Municipality of Polle, 2  FSM Intrm. 270",http://fsmlaw.org/fsm/decisions/vol2/2fsm270_272.htm
"Ponape Transfer & Storage v.  Pohnpei State Public Lands Auth., 2 FSM Intrm. 272",http://fsmlaw.org/fsm/decisions/vol2/2fsm272_278.htm
"Alaphen v. Municipality of Moen, 2  FSM Intrm. 279",http://fsmlaw.org/fsm/decisions/vol2/2fsm279_281.htm
"Bank of Guam v. Island Hardware,  Inc., 2 FSM Intrm. 281",http://fsmlaw.org/fsm/decisions/vol2/2fsm281_291.htm
"Mongkeya v. Brackett, 2 FSM Intrm.  291 (Kos. 1986)",http://fsmlaw.org/fsm/decisions/vol2/2fsm291_293.htm
"Daniel v. Moses, 3 FSM Intrm.  1",http://fsmlaw.org/fsm/decisions/vol3/3fsm001_005.htm
"People of Kapingamarangi v. Pohnpei  Legislature, 3 FSM Intrm. 5",http://fsmlaw.org/fsm/decisions/vol3/3fsm005_012.htm
"Suda v. Trust Territory, 3 FSM Intrm.  12",http://fsmlaw.org/fsm/decisions/vol3/3fsm012_014.htm
"Hadley v. Board of Trustees, 3 FSM  Intrm. 14",http://fsmlaw.org/fsm/decisions/vol3/3fsm015_017.htm
"Pohnpei v. Hawk, 3 FSM Intrm.  17",http://fsmlaw.org/fsm/decisions/vol3/3fsm017_027.htm
"Amor v. Pohnpei, 3 FSM  Intrm. 28",http://fsmlaw.org/fsm/decisions/vol3/3fsm028_033.htm
"Phillip v. Aldis, 3 FSM Intrm.  33",http://fsmlaw.org/fsm/decisions/vol3/3fsm033_039.htm
"Kosrae v. Alanso, 3 FSM Intrm.  39",http://fsmlaw.org/fsm/decisions/vol3/3fsm039_045.htm
"Pohnpei v. Mack, 3 FSM Intrm.  45",http://fsmlaw.org/fsm/decisions/vol3/3fsm045_056.htm
"Koike v. Ponape Rock Products,  Inc., 3 FSM Intrm. 57",http://fsmlaw.org/fsm/decisions/vol3/3fsm057_076.htm
"Panuelo v. Pohnpei, 3 FSM Intrm.  76",http://fsmlaw.org/fsm/decisions/vol3/3fsm076_082.htm
"FSM v. Finey, 3 FSM Intrm.  82",http://fsmlaw.org/fsm/decisions/vol3/3fsm082_084.htm
"FSM Dev. Bank v. Yap Shipping  Coop., 3 FSM Intrm. 84",http://fsmlaw.org/fsm/decisions/vol3/3fsm084_087.htm
"FSM v. Ocean Pearl, 3 FSM Intrm.  87",http://fsmlaw.org/fsm/decisions/vol3/3fsm087_092.htm
"Heirs of Mongkeya v. Heirs of  Mackwelung, 3 FSM Intrm. 92",http://fsmlaw.org/fsm/decisions/vol3/3fsm092_101.htm
"Hadley v. Kolonia Town, 3 FSM Intrm. 101",http://fsmlaw.org/fsm/decisions/vol3/3fsm101_104.htm
"Bank of Guam v. Island Hardware,  Inc. (II), 3 FSM Intrm. 105",http://fsmlaw.org/fsm/decisions/vol3/3fsm105_112.htm
"Falcam v. FSM Postal Service, 3  FSM Intrm. 112",http://fsmlaw.org/fsm/decisions/vol3/3fsm112_123.htm
"Olter v. Nat'l Election Comm'r, 3  FSM Intrm. 123",http://fsmlaw.org/fsm/decisions/vol3/3fsm123_140.htm
"Fred v. FSM, 3 FSM Intrm.  141",http://fsmlaw.org/fsm/decisions/vol3/3fsm141_145.htm
"In re Tarpley (II), 3 FSM Intrm.  145",http://fsmlaw.org/fsm/decisions/vol3/3fsm145_151.htm
"Loney v. FSM, 3 FSM Intrm  151",http://fsmlaw.org/fsm/decisions/vol3/3fsm151_155.htm
"Dores v. FSM, 3 FSM Intrm.  155",http://fsmlaw.org/fsm/decisions/vol3/3fsm155_159.htm
"Opet v. Mobil Oil Micronesia, Inc., 3  FSM Intrm. 159",http://fsmlaw.org/fsm/decisions/vol3/3fsm159_166.htm
"Tolenoa v. Kosrae, 3 FSM Intrm.  167",http://fsmlaw.org/fsm/decisions/vol3/3fsm167_174.htm
"Ponape Transfer & Storage v.  Federated Shipping Co., 3 FSM Intrm. 174",http://fsmlaw.org/fsm/decisions/vol3/3fsm174_179.htm
"Mailo v. Twum-Barimah, 3 FSM  Intrm. 179",http://fsmlaw.org/fsm/decisions/vol3/3fsm179_181.htm
"Koike v. Ponape Rock Products,  Inc. (II), 3 FSM Intrm. 182",http://fsmlaw.org/fsm/decisions/vol3/3fsm182_187.htm
"Ittu v. Charley, 3 FSM Intrm.  188",http://fsmlaw.org/fsm/decisions/vol3/3fsm188_194.htm
"Falcam v. FSM, 3 FSM Intrm.  194",http://fsmlaw.org/fsm/decisions/vol3/3fsm194_203.htm
"Dabchur v. Yap, 3 FSM  Intrm. 203",http://fsmlaw.org/fsm/decisions/vol3/3fsm203_208.htm
"Paulus v. Pohnpei, 3 FSM  Intrm. 208",http://fsmlaw.org/fsm/decisions/vol3/3fsm208_223.htm
"FSM v. Edward, 3 FSM Intrm.  224",http://fsmlaw.org/fsm/decisions/vol3/3fsm224_240.htm
"Micronesian Legal Servs. Corp. v.  Ludwig, 3 FSM Intrm. 241",http://fsmlaw.org/fsm/decisions/vol3/3fsm241_247.htm
"Kephas v. Kosrae, 3 FSM  Intrm. 248",http://fsmlaw.org/fsm/decisions/vol3/3fsm248_255.htm
"Federated Shipping Co. v. Ponape  Transfer & Storage, 3 FSM Intrm. 256",http://fsmlaw.org/fsm/decisions/vol3/3fsm256_261.htm
"Kosrae v. Mongkeya, 3 FSM Intrm.  262",http://fsmlaw.org/fsm/decisions/vol3/3fsm262_266.htm
"Hadley v. Kolonia Town, 3  FSM Intrm. 267",http://fsmlaw.org/fsm/decisions/vol3/3fsm267_272.htm
"Kosrae v. Paulino, 3 FSM Intrm.  273",http://fsmlaw.org/fsm/decisions/vol3/3fsm273_277.htm
"Taulung v. Kosrae, 3 FSM Intrm.  277",http://fsmlaw.org/fsm/decisions/vol3/3fsm277_281.htm
"FSM v. Hadley, 3 FSM Intrm.  281",http://fsmlaw.org/fsm/decisions/vol3/3fsm281_285.htm
"In re Edward, 3 FSM Intrm.  285",http://fsmlaw.org/fsm/decisions/vol3/3fsm285_291.htm
"In re Mid-Pacific Constr. Co.,  Inc., 3 FSM Intrm. 292",http://fsmlaw.org/fsm/decisions/vol3/3fsm292_308.htm
"Runmar v. FSM, 3 FSM Intrm.  308",http://fsmlaw.org/fsm/decisions/vol3/3fsm308_320.htm
"Weilbacher v. Kosrae, 3 FSM Intrm.  320",http://fsmlaw.org/fsm/decisions/vol3/3fsm320_324.htm
"Melander v. Kosrae, 3 FSM Intrm.  324",http://fsmlaw.org/fsm/decisions/vol3/3fsm324_331.htm
"In re Island Hardware, 3 FSM  Intrm. 332",http://fsmlaw.org/fsm/decisions/vol3/3fsm332_350.htm
"Edwards v. Pohnpei, 3 FSM  Intrm. 350",http://fsmlaw.org/fsm/decisions/vol3/3fsm350_365.htm
"Sets v. Island Hardware, 3 FSM  Intrm. 365",http://fsmlaw.org/fsm/decisions/vol3/3fsm365_368.htm
"FSM v. Rodriquez, 3 FSM Intrm.  368",http://fsmlaw.org/fsm/decisions/vol3/3fsm368_370.htm
"Bank of Guam v. Semes, 3 FSM  Intrm. 370",http://fsmlaw.org/fsm/decisions/vol3/3fsm370_384.htm
"FSM v. Rodriquez, 3 FSM Intrm.  385",http://fsmlaw.org/fsm/decisions/vol3/3fsm385_386.htm
"FSM v. Rosario,  3 FSM Intrm. 387",http://fsmlaw.org/fsm/decisions/vol3/3fsm387_389.htm
"U Corp. v. Salik, 3 FSM  Intrm. 389",http://fsmlaw.org/fsm/decisions/vol3/3fsm389_394.htm
"Heirs of Mongkeya v. Heirs of  Mackwelung, 3 FSM Intrm. 395",http://fsmlaw.org/fsm/decisions/vol3/3fsm395_403.htm
"Salik v. U Corp. (I), 3 FSM  Intrm. 404",http://fsmlaw.org/fsm/decisions/vol3/3fsm404_407.htm
"Salik v. U Corp. (II), 3 FSM  Intrm. 408",http://fsmlaw.org/fsm/decisions/vol3/3fsm408_410.htm
"Mailo v. Twum-Barimah, 3 FSM  Intrm. 411",http://fsmlaw.org/fsm/decisions/vol3/3fsm411_415.htm
"Michelsen v. FSM, 3 FSM Intrm.  416",http://fsmlaw.org/fsm/decisions/vol3/3fsm416_427.htm
"In re Island Hardware, Inc., 3 FSM Intrm. 428",http://fsmlaw.org/fsm/decisions/vol3/3fsm428_433.htm
"Tauleng v. Palik, 3 FSM Intrm.  434",http://fsmlaw.org/fsm/decisions/vol3/3fsm434_437.htm
"Flossman v. Truk, 3 FSM  Intrm. 438",http://fsmlaw.org/fsm/decisions/vol3/3fsm438_440.htm
"Truk Transp. Co., Inc. v. Trans  Pacific Import Ltd., 3 FSM Intrm. 440",http://fsmlaw.org/fsm/decisions/vol3/3fsm440_444.htm
"United Church of Christ v. Hamo, 3  FSM Intrm. 445",http://fsmlaw.org/fsm/decisions/vol3/3fsm445_453.htm
"Morris v. Truk, 3 FSM Intrm.  454",http://fsmlaw.org/fsm/decisions/vol3/3fsm454_458.htm
"Enlet v. Truk, 3 FSM  Intrm. 459",http://fsmlaw.org/fsm/decisions/vol3/3fsm459_462.htm
"Sarapio v. Maeda Road Constr. Co., 3 FSM Intrm. 463",http://fsmlaw.org/fsm/decisions/vol3/3fsm463_464.htm
"Heirs of Likiaksa v. Heirs  of Lonno, 3 FSM Intrm. 465",http://fsmlaw.org/fsm/decisions/vol3/3fsm465_468.htm
"FSM v. Oliver, 3 FSM  Intrm. 469",http://fsmlaw.org/fsm/decisions/vol3/3fsm469_481.htm
"In re Cantero, 3  FSM Intrm. 481",http://fsmlaw.org/fsm/decisions/vol3/3fsm481_484.htm
"Truk  v. Maeda Constr. Co., 3 FSM Intrm. 485",http://fsmlaw.org/fsm/decisions/vol3/3fsm485_487.htm
"Truk v. Maeda Constr. Co. (II), 3 FSM Intrm. 487",http://fsmlaw.org/fsm/decisions/vol3/3fsm487_489.htm
"Truk v. Maeda Constr. Co. (III), 3 FSM Intrm. 489",http://fsmlaw.org/fsm/decisions/vol3/3fsm489_494.htm
"David v. Fanapanges  Municipality, 3 FSM Intrm. 495",http://fsmlaw.org/fsm/decisions/vol3/3fsm495_497.htm
"In re Slot Machines, 3  FSM Intrm. 498",http://fsmlaw.org/fsm/decisions/vol3/3fsm498_502.htm
"Nena v. Kosrae, 3 FSM Intrm.  502",http://fsmlaw.org/fsm/decisions/vol3/3fsm502_507.htm
"Benjamin v. Kosrae, 3 FSM Intrm.  508",http://fsmlaw.org/fsm/decisions/vol3/3fsm508_511.htm
"Truk Transp. Co. v.  Trans-Pacific Import Ltd., 3 FSM Intrm. 512",http://fsmlaw.org/fsm/decisions/vol3/3fsm512_516.htm
"O’Sonis v. Truk, 3 FSM Intrm.  516",http://fsmlaw.org/fsm/decisions/vol3/3fsm516_518.htm
"Amor v. Pohnpei, 3 FSM Intrm.  519",http://fsmlaw.org/fsm/decisions/vol3/3fsm519_537.htm
"Seymour v. Kosrae, 3 FSM Intrm.  537",http://fsmlaw.org/fsm/decisions/vol3/3fsm537_543.htm
"Pohnpei v. Hawk, 3 FSM Intrm.  543",http://fsmlaw.org/fsm/decisions/vol3/3fsm543_556.htm
"Truk v. Robi, 3 FSM Intrm.  556",http://fsmlaw.org/fsm/decisions/vol3/3fsm556_565.htm
"Nakayama v. Truk, 3 FSM Intrm.  565",http://fsmlaw.org/fsm/decisions/vol3/3fsm565_572.htm
"Paul v. Celestine, 3 FSM Intrm.  572",http://fsmlaw.org/fsm/decisions/vol3/3fsm572_574.htm
"In re Pacific Islands Distrib.,  Co., 3 FSM Intrm. 575",http://fsmlaw.org/fsm/decisions/vol3/3fsm575_586.htm
"International Trading Corp. v Hitec  Corp., 4 FSM Intrm. 1",http://fsmlaw.org/fsm/decisions/vol4/4fsm001_002.htm
"Federated Shipping Co. v. Ponape  Transfer & Storage Co,. 4 FSM Intrm. 3",http://fsmlaw.org/fsm/decisions/vol4/4fsm003_016.htm
"Carlos v. FSM, 4 FSM Intrm.  17",http://fsmlaw.org/fsm/decisions/vol4/4fsm017_031.htm
"Carlos v. FSM, 4 FSM Intrm.  32",http://fsmlaw.org/fsm/decisions/vol4/4fsm032_033.htm
"Bernard's Retail Store &  Wholesale v. Johnny, 4 FSM Intrm. 33",http://fsmlaw.org/fsm/decisions/vol4/4fsm033_036.htm
"Ponape Transfer & Storage v.  Federated Shipping Co., 4 FSM Intrm. 37",http://fsmlaw.org/fsm/decisions/vol4/4fsm037_047.htm
"Salik v. U Corp., 4 FSM Intrm.  48",http://fsmlaw.org/fsm/decisions/vol4/4fsm048_051.htm
"Asan v. Truk, 4 FSM Intrm.  51",http://fsmlaw.org/fsm/decisions/vol4/4fsm051_057.htm
"Federal Business Dev. Bank v. S.S.  Thorfinn, 4 FSM Intrm. 57",http://fsmlaw.org/fsm/decisions/vol4/4fsm057_060.htm
"Kosrae v. Tosie, 4 FSM Intrm.  61",http://fsmlaw.org/fsm/decisions/vol4/4fsm061_066.htm
"Semes v. FSM, 4 FSM Intrm.  66",http://fsmlaw.org/fsm/decisions/vol4/4fsm066_077.htm
"Soares v. FSM, 4 FSM Intrm. 78",http://fsmlaw.org/fsm/decisions/vol4/4fsm078_085.htm
"Hawk v. Pohnpei, 4 FSM Intrm.  85",http://fsmlaw.org/fsm/decisions/vol4/4fsm085_094.htm
"United Church of Christ v. Hamo, 4  FSM Intrm. 95",http://fsmlaw.org/fsm/decisions/vol4/4fsm095_122.htm
"Suka v. Truk, 4 FSM Intrm.  123",http://fsmlaw.org/fsm/decisions/vol4/4fsm123_131.htm
"Este v. FSM, 4 FSM  Intrm.132",http://fsmlaw.org/fsm/decisions/vol4/4fsm132_138.htm
"Pryor v. Moses, 4 FSM Intrm.  138",http://fsmlaw.org/fsm/decisions/vol4/4fsm138_145.htm
"Leeruw v. Yap, 4 FSM Intrm.  145",http://fsmlaw.org/fsm/decisions/vol4/4fsm145_150.htm
"Bank of Guam v. Elwise, 4 FSM  Intrm. 150",http://fsmlaw.org/fsm/decisions/vol4/4fsm150_153.htm
"Plais v. FSM, 4 FSM Intrm.  153",http://fsmlaw.org/fsm/decisions/vol4/4fsm153_156.htm
"Creditors of Mid-Pac Constr. Co.  v. Senda, 4 FSM Intrm. 157",http://fsmlaw.org/fsm/decisions/vol4/4fsm157_161.htm
"In re Juvenile, 4  FSM Intrm. 161",http://fsmlaw.org/fsm/decisions/vol4/4fsm161_165.htm
"Gilmete v. FSM, 4 FSM Intrm.  165",http://fsmlaw.org/fsm/decisions/vol4/4fsm165_170.htm
"Kallop v. FSM, 4 FSM Intrm.  170",http://fsmlaw.org/fsm/decisions/vol4/4fsm170_177.htm
"FSM v. Engichy, 4 FSM Intrm.  177",http://fsmlaw.org/fsm/decisions/vol4/4fsm177_179.htm
"FSM v. Likitimus, 4 FSM Intrm.  180",http://fsmlaw.org/fsm/decisions/vol4/4fsm180_182.htm
"Bank of FSM v. Bartolome, 4  FSM Intrm. 182",http://fsmlaw.org/fsm/decisions/vol4/4fsm182_186.htm
"Sohl v. FSM, 4 FSM Intrm.  186",http://fsmlaw.org/fsm/decisions/vol4/4fsm186_198.htm
"Jim v. Alik, 4 FSM Intrm.  198",http://fsmlaw.org/fsm/decisions/vol4/4fsm198_201.htm
"Kosrae v. Tolenoa, 4 FSM Intrm.  201",http://fsmlaw.org/fsm/decisions/vol4/4fsm201_204.htm
"Paul v. Celestine, 4 FSM Intrm.  205",http://fsmlaw.org/fsm/decisions/vol4/4fsm205_210.htm
"FSM v.Sangechik, 4 FSM Intrm.  210",http://fsmlaw.org/fsm/decisions/vol4/4fsm210-211.htm
"Gimnang v. Yap, 4 FSM Intrm.  212",http://fsmlaw.org/fsm/decisions/vol4/4fsm212_215.htm
"Bank of Hawaii v. Jack, 4 FSM  Intrm. 216",http://fsmlaw.org/fsm/decisions/vol4/4fsm216_221.htm
"Pernet v. Aflague, 4 FSM Intrm.  222",http://fsmlaw.org/fsm/decisions/vol4/4fsm222_225.htm
"Adams v. Etscheit, 4 FSM Intrm.  226",http://fsmlaw.org/fsm/decisions/vol4/4fsm226_236.htm
"Adams v. Etscheit, 4 FSM Intrm.  237",http://fsmlaw.org/fsm/decisions/vol4/4fsm237_242.htm
"Etscheit v. Adams, 4 FSM Intrm.  242",http://fsmlaw.org/fsm/decisions/vol4/4fsm242_245.htm
"In re Chikamoto, 4 FSM Intrm.  245",http://fsmlaw.org/fsm/decisions/vol4/4fsm245_249.htm
"FSM v. Edgar, 4 FSM Intrm.  249",http://fsmlaw.org/fsm/decisions/vol4/4fsm249_251.htm
"Office of Public Defender v.  Trial Div., 4 FSM Intrm. 252",http://fsmlaw.org/fsm/decisions/vol4/4fsm252_255.htm
"In re Main, 4 FSM Intrm.  255",http://fsmlaw.org/fsm/decisions/vol4/4fsm255_265.htm
"Tammed v. FSM, 4 FSM Intrm.  266",http://fsmlaw.org/fsm/decisions/vol4/4fsm266_284.htm
"Akapito v. Doone, 4 FSM Intrm.  285",http://fsmlaw.org/fsm/decisions/vol4/4fsm285_286.htm
"Palik v. Executive Serv. Appeals  Bd., 4 FSM Intrm. 287",http://fsmlaw.org/fsm/decisions/vol4/4fsm287_291.htm
"Edwin v. Kosrae, 4 FSM Intrm.  292",http://fsmlaw.org/fsm/decisions/vol4/4fsm292_306.htm
"Office of Public Defender v.  FSM Supreme Court, 4 FSM Intrm. 307",http://fsmlaw.org/fsm/decisions/vol4/4fsm307_309.htm
"Bernardo v. FSM, 4 FSM Intrm.  310",http://fsmlaw.org/fsm/decisions/vol4/4fsm310_316.htm
"Robert v. FSM, 4 FSM Intrm.  316",http://fsmlaw.org/fsm/decisions/vol4/4fsm316_319.htm
"Constitutional Convention 1990 v.  President, 4 FSM Intrm. 320",http://fsmlaw.org/fsm/decisions/vol4/4fsm320_329.htm
"Siba v. Sigrah, 4 FSM Intrm.  329",http://fsmlaw.org/fsm/decisions/vol4/4fsm329_343.htm
"Kimoul v. FSM, 4 FSM Intrm.  344",http://fsmlaw.org/fsm/decisions/vol4/4fsm344_347.htm
"Damarlane v. Pohnpei Transp. Auth., 4 FSM Intrm.  347",http://fsmlaw.org/fsm/decisions/vol4/4fsm347_349.htm
"Leeruw v. FSM, 4 FSM Intrm.  350",http://fsmlaw.org/fsm/decisions/vol4/4fsm350_366.htm
"Federal Business Dev. Bank v. S.S.  Thorfinn, 4 FSM Intrm. 367",http://fsmlaw.org/fsm/decisions/vol4/4fsm367_376.htm
"Mid-Pac v. Senda, 4 FSM Intrm.  376",http://fsmlaw.org/fsm/decisions/vol4/4fsm377_386.htm
"In re Estate of Hartman, 4 FSM  Intrm. 386",http://fsmlaw.org/fsm/decisions/vol4/4fsm386_388.htm
"Damarlane v. PTA, 5 FSM Intrm.  1",http://fsmlaw.org/fsm/decisions/vol5/5fsm001_009.htm
"Bruton v. Moen Municipality, 5 FSM  Intrm. 9",http://fsmlaw.org/fsm/decisions/vol5/5fsm010_012.htm
"Gimnang v. Yap, 5 FSM Intrm.  13",http://fsmlaw.org/fsm/decisions/vol5/5fsm013_028.htm
"Bank of FSM v. Sets Inc., 5  FSM Intrm. 29",http://fsmlaw.org/fsm/decisions/vol5/5fsm029_031.htm
"Yalmad v. FSM ,5 FSM Intrm.  32",http://fsmlaw.org/fsm/decisions/vol5/5fsm032_034.htm
"Etscheit v. Santos 5 FSM, Intrm.  35",http://fsmlaw.org/fsm/decisions/vol5/5fsm035_048.htm
"Semes v. FSM, 5 FSM Intrm. 49",http://fsmlaw.org/fsm/decisions/vol5/5fsm049_052.htm
"Kimoul v. FSM, 5 FSM Intrm.  53",http://fsmlaw.org/fsm/decisions/vol5/5fsm053_061.htm
"Damarlane v. Pohnpei Transp.  Auth., 5 FSM Intrm. 62",http://fsmlaw.org/fsm/decisions/vol5/5fsm062_067.htm
"Damarlane v. Pohnpei Transp.  Auth., 5 FSM Intrm. 67A",http://fsmlaw.org/fsm/decisions/vol5/5fsm067A_067F.htm
"KCCA v. Tuuth, 5 FSM Intrm.  68",http://fsmlaw.org/fsm/decisions/vol5/5fsm068_072.htm
"Youngstrom v. Kosrae, 5 FSM Intrm.  73",http://fsmlaw.org/fsm/decisions/vol5/5fsm073_077.htm
"Mackenzie v. Tuuth, 5 FSM Intrm.  78",http://fsmlaw.org/fsm/decisions/vol5/5fsm078_088.htm
"Federated Shipping Co. v. Ponape  Transfer & Storage, 5 FSM Intrm. 89",http://fsmlaw.org/fsm/decisions/vol5/5fsm089_090.htm
"Samuel v. Pryor, 5 FSM Intrm.  91",http://fsmlaw.org/fsm/decisions/vol5/5fsm091_107.htm
"Samuel v. United States, 5 FSM Intrm.  108",http://fsmlaw.org/fsm/decisions/vol5/5fsm108_111.htm
"Etscheit v. Santos, 5 FSM Intrm.  111",http://fsmlaw.org/fsm/decisions/vol5/5fsm111_113.htm
"In re  Powell, 5 FSM  Intrm. 114",http://fsmlaw.org/fsm/decisions/vol5/5fsm114_117.htm
"KCCA v. Tuuth, 5 FSM Intrm.  118",http://fsmlaw.org/fsm/decisions/vol5/5fsm118_120.htm
"Actouka v. Kolonia Town, 5 FSM Intrm. 121",http://fsmlaw.org/fsm/decisions/vol5/5fsm121_123.htm
"Panuelo v. Pepsi Cola Bottling Co.  of Guam, 5 FSM Intrm. 123",http://fsmlaw.org/fsm/decisions/vol5/5fsm123_129.htm
"Billimon v. Chuuk, 5 FSM Intrm.  130",http://fsmlaw.org/fsm/decisions/vol5/5fsm130_138.htm
"Meitou v. Uwera, 5 FSM Intrm.  139",http://fsmlaw.org/fsm/decisions/vol5/5fsm139_147.htm
"Palik v. Kosrae, 5 FSM Intrm.  147",http://fsmlaw.org/fsm/decisions/vol5/5fsm147_156.htm
"Moses v. FSM, 5 FSM Intrm.  156",http://fsmlaw.org/fsm/decisions/vol5/5fsm156_162.htm
Epiti v. Chuuk 5 FSM Intrm.  162,http://fsmlaw.org/fsm/decisions/vol5/5fsm162_170.htm
"In re Island Hardware, 5 FSM  Intrm. 170",http://fsmlaw.org/fsm/decisions/vol5/5fsm170_175.htm
"Tosie v. FSM, 5 FSM Intrm.  175",http://fsmlaw.org/fsm/decisions/vol5/5fsm175_178.htm
"Plais v. Panuelo, 5 FSM Intrm.  179",http://fsmlaw.org/fsm/decisions/vol5/5fsm179_214.htm
"Palsis v. Kosrae State Court, 5  FSM Intrm. 214",http://fsmlaw.org/fsm/decisions/vol5/5fsm214_218.htm
"Otto v. Kosrae, 5 FSM Intrm.  218",http://fsmlaw.org/fsm/decisions/vol5/5fsm218_223.htm
"Hartman v. FSM, 5 FSM Intrm.  224",http://fsmlaw.org/fsm/decisions/vol5/5fsm224_237.htm
"Alfons v. Edwin, 5 FSM Intrm.  238",http://fsmlaw.org/fsm/decisions/vol5/5fsm238_243.htm
"Etscheit v. Adams, 5 FSM Intrm.  243",http://fsmlaw.org/fsm/decisions/vol5/5fsm243_249.htm
"Michelsen v. FSM, 5 FSM Intrm.  249",http://fsmlaw.org/fsm/decisions/vol5/5fsm249_256.htm
"Ludwig v. Mailo, 5 FSM Intrm.  256",http://fsmlaw.org/fsm/decisions/vol5/5fsm256_262.htm
"Gouland v. Joseph, 5 FSM Intrm.  263",http://fsmlaw.org/fsm/decisions/vol5/5fsm263_265.htm
"Jano v. King, 5 FSM Intrm.  266",http://fsmlaw.org/fsm/decisions/vol5/5fsm266_272.htm
"Chuuk v. Land Known as Mononong, 5  FSM Intrm. 272",http://fsmlaw.org/fsm/decisions/vol5/5fsm272_273.htm
"In re  Ress,5 FSM Intrm.  273",http://fsmlaw.org/fsm/decisions/vol5/5fsm273_276.htm
"Senda v. Mid-Pac Constr. Co., 5  FSM Intrm. 277",http://fsmlaw.org/fsm/decisions/vol5/5fsm277_281.htm
"Welson v. FSM, 5 FSM Intrm.  281",http://fsmlaw.org/fsm/decisions/vol5/5fsm281_293.htm
"Alik v. Kosrae Hotel Corp., 5 FSM  Intrm. 294",http://fsmlaw.org/fsm/decisions/vol5/5fsm294_298.htm
"FSM v. Phillip, 5 FSM Intrm.  298",http://fsmlaw.org/fsm/decisions/vol5/5fsm298_303.htm
"Berman v. Pohnpei, 5 FSM Intrm.  303",http://fsmlaw.org/fsm/decisions/vol5/5fsm303_307.htm
"Jonah v. FSM, 5 FSM Intrm.  308",http://fsmlaw.org/fsm/decisions/vol5/5fsm308_316.htm
"Charley v. Cornelius, 5 FSM Intrm.  316",http://fsmlaw.org/fsm/decisions/vol5/5fsm316_319.htm
"Plais v. Panuelo, 5 FSM Intrm.  319",http://fsmlaw.org/fsm/decisions/vol5/5fsm319_322.htm
"Damarlane v. Pohnpei Transp.  Auth., 5 FSM Intrm. 322",http://fsmlaw.org/fsm/decisions/vol5/5fsm322_325.htm
"Jano v. King, 5 FSM Intrm.  326",http://fsmlaw.org/fsm/decisions/vol5/5fsm326_331.htm
"Damarlane v. Pohnpei Transp.  Auth., 5 FSM Intrm. 332",http://fsmlaw.org/fsm/decisions/vol5/5fsm332_334.htm
"Youngstrom v. Youngstrom, 5 FSM  Intrm. 335",http://fsmlaw.org/fsm/decisions/vol5/5fsm335_338.htm
"Etscheit v. Adams, 5 FSM Intrm.  339",http://fsmlaw.org/fsm/decisions/vol5/5fsm339_341.htm
"Kihara v. Nanpei, 5 FSM Intrm.  342",http://fsmlaw.org/fsm/decisions/vol5/5fsm342_346.htm
"Bank of FSM v. FSM, 5 FSM  Intrm. 346",http://fsmlaw.org/fsm/decisions/vol5/5fsm346_349.htm
"FSM v. Hartman, 5 FSM Intrm.  350",http://fsmlaw.org/fsm/decisions/vol5/5fsm350_353.htm
"Ponape Transfer & Storage,  Inc. v. Wade, 5 FSM Intrm. 354",http://fsmlaw.org/fsm/decisions/vol5/5fsm354_357.htm
"Tosie v. Healy-Tibbits Builders,  Inc., 5 FSM Intrm. 358",http://fsmlaw.org/fsm/decisions/vol5/5fsm358_363.htm
"Berman v. FSM Supreme Court (I), 5 FSM  Intrm. 364",http://fsmlaw.org/fsm/decisions/vol5/5fsm364_367.htm
"FSM v. Hartman (II), 5 FSM Intrm.  368",http://fsmlaw.org/fsm/decisions/vol5/5fsm368_371.htm
"Berman v. FSM Supreme Court (III), 5  FSM Intrm. 371",http://fsmlaw.org/fsm/decisions/vol5/5fsm371_374.htm
"KCCA v. FSM, 5 FSM Intrm.  375",http://fsmlaw.org/fsm/decisions/vol5/5fsm375_380.htm
"In re Marquez, 5 FSM Intrm.  381",http://fsmlaw.org/fsm/decisions/vol5/5fsm381_385.htm
"Youngstrom v. Youngstrom, 5 FSM  Intrm. 385",http://fsmlaw.org/fsm/decisions/vol5/5fsm385_388.htm
"Jano v. King, 5 FSM Intrm.  388",http://fsmlaw.org/fsm/decisions/vol5/5fsm389_398.htm
"Liwi v. Finn, 5 FSM Intrm.  398",http://fsmlaw.org/fsm/decisions/vol5/5fsm398_402.htm
"Alfons v. FSM, 5 FSM Intrm.  402",http://fsmlaw.org/fsm/decisions/vol5/5fsm402_406.htm
"Setik v. FSM, 5 FSM Intrm.  407",http://fsmlaw.org/fsm/decisions/vol5/5fsm407_411.htm
"NIH Corp. v. FSM, 5 FSM  Intrm. 411",http://fsmlaw.org/fsm/decisions/vol5/5fsm411_417.htm
"Nena v. Kosrae, 5 FSM Intrm.  417",http://fsmlaw.org/fsm/decisions/vol5/5fsm417_425.htm
"FSM v. Tammed, 5 FSM Intrm.  426",http://fsmlaw.org/fsm/decisions/vol5/5fsm426_430.htm
"Pohnpei v. Weilbacher, 5 FSM  Intrm. 431",http://fsmlaw.org/fsm/decisions/vol5/5fsm431_456.htm
"Maruwa Shokai (Guam), Inc. v.  Pyung Hwa 31, 6 FSM Intrm. 1",http://fsmlaw.org/fsm/decisions/vol6/6fsm001_004.htm
"Bank of FSM v. FSM, 6 FSM  Intrm. 5",http://fsmlaw.org/fsm/decisions/vol6/6fsm005_008.htm
"FSM v. Jano, 6 FSM Intrm.  9",http://fsmlaw.org/fsm/decisions/vol6/6fsm009_011.htm
"In re Extradition of Jano, 6 FSM  Intrm. 12",http://fsmlaw.org/fsm/decisions/vol6/6fsm012_014.htm
"Waguk v. Kosrae Island Credit  Union, 6 FSM Intrm. 14",http://fsmlaw.org/fsm/decisions/vol6/6fsm014_019.htm
"In re McCaffrey, 6 FSM Intrm.  20",http://fsmlaw.org/fsm/decisions/vol6/6fsm020_022.htm
"In re Extradition of Jano, 6 FSM  Intrm. 23",http://fsmlaw.org/fsm/decisions/vol6/6fsm023_026.htm
"In re Extradition of Jano, 6 FSM  Intrm. 26",http://fsmlaw.org/fsm/decisions/vol6/6fsm026_027.htm
"Kony v. Mori, 6 FSM Intrm.  28",http://fsmlaw.org/fsm/decisions/vol6/6fsm028_030.htm
"In re Extradition of Jano, 6 FSM  Intrm. 31",http://fsmlaw.org/fsm/decisions/vol6/6fsm031_032.htm
"Faw v. FSM, 6 FSM Intrm.  33",http://fsmlaw.org/fsm/decisions/vol6/6fsm033_037.htm
"Aten v. National Election Comm'r  (I), 6 FSM Intrm. 38",http://fsmlaw.org/fsm/decisions/vol6/6fsm038_039.htm
Machuo v. FSM 6 FSM Intrm.  40,http://fsmlaw.org/fsm/decisions/vol6/6fsm040_044.htm
"Damarlane v. Santos, 6 FSM Intrm.  45",http://fsmlaw.org/fsm/decisions/vol6/6fsm045_047.htm
"Kihara Real Estate, Inc. v. Estate  of Nanpei (I), 6 FSM Intrm. 48",http://fsmlaw.org/fsm/decisions/vol6/6fsm048_055.htm
"Kapas v. Church of Latter Day  Saints, 6 FSM Intrm. 56",http://fsmlaw.org/fsm/decisions/vol6/6fsm056_061.htm
"In re Extradition of Jano, 6 FSM  Intrm. 62",http://fsmlaw.org/fsm/decisions/vol6/6fsm062_064.htm
"FSM v. Kotobuki Maru No. 23 (I), 6  FSM Intrm. 65",http://fsmlaw.org/fsm/decisions/vol6/6fsm065_074.htm
"Aten v. National Election Comm'r  (II), 6 FSM Intrm. 74",http://fsmlaw.org/fsm/decisions/vol6/6fsm074_082.htm
"Alouis v. FSM, 6 FSM Intrm.  83",http://fsmlaw.org/fsm/decisions/vol6/6fsm083_093.htm
"In re Extradition of Jano, 6 FSM  Intrm. 93",http://fsmlaw.org/fsm/decisions/vol6/6fsm093_109.htm
"Berman v. FSM Supreme Court, 6 FSM  Intrm. 109",http://fsmlaw.org/fsm/decisions/vol6/6fsm109_113.htm
"Ponape Constr. Co. Pohnpei, 6 FSM  Intrm. 114",http://fsmlaw.org/fsm/decisions/vol6/6fsm114_129.htm
"Wito Clan v. United Church of  Christ, 6 FSM Intrm. 129",http://fsmlaw.org/fsm/decisions/vol6/6fsm129_134.htm
"Mid-Pac Constr. Co. v. Senda, 6  FSM Intrm. 135",http://fsmlaw.org/fsm/decisions/vol6/6fsm135_136.htm
"Moroni v. Secretary of Resources & Dev.,  6 FSM Intrm. 137",http://fsmlaw.org/fsm/decisions/vol6/6fsm137_139.htm
"Creditors of Mid-Pac Constr. Co.  v. Senda, 6 FSM Intrm. 140",http://fsmlaw.org/fsm/decisions/vol6/6fsm140_142.htm
"Aten v. National Election Comm'r  (III), 6 FSM Intrm. 143",http://fsmlaw.org/fsm/decisions/vol6/6fsm143_146.htm
"Paul v. Hedson, 6 FSM Intrm.  146",http://fsmlaw.org/fsm/decisions/vol6/6fsm146_148.htm
"In re Parcel No. 046-A-01, 6 FSM  Intrm. 149",http://fsmlaw.org/fsm/decisions/vol6/6fsm149_158.htm
"FSM v. Kotobuki Maru No. 23 (II),  6 FSM Intrm. 159",http://fsmlaw.org/fsm/decisions/vol6/6fsm159_165.htm
"Damarlane v. Pohnpei Transp.  Auth. (I), 6 FSM Intrm. 166",http://fsmlaw.org/fsm/decisions/vol6/6fsm166_167.htm
"Damarlane v. Pohnpei Transp.  Auth. (II), 6 FSM Intrm. 167",http://fsmlaw.org/fsm/decisions/vol6/6fsm167_168.htm
"Sigrah v. Kosrae, 6 FSM Intrm.  168",http://fsmlaw.org/fsm/decisions/vol6/6fsm168_170.htm
"Mid-Pacific Constr. Co. v. Semes  (I), 6 FSM Intrm. 171",http://fsmlaw.org/fsm/decisions/vol6/6fsm171_178.htm
"Robert v. Mori, 6 FSM Intrm.  178",http://fsmlaw.org/fsm/decisions/vol6/6fsm179_180.htm
"Mid-Pacific Constr. Co. v. Semes  (II), 6 FSM Intrm. 180",http://fsmlaw.org/fsm/decisions/vol6/6fsm180_187.htm
"Chipuelong v. Chuuk, 6 FSM Intrm.  188",http://fsmlaw.org/fsm/decisions/vol6/6fsm188_198.htm
"Dobich v. Kapriel, 6 FSM Intrm.  199",http://fsmlaw.org/fsm/decisions/vol6/6fsm199_203.htm
"Burrow v. Burrow, 6 FSM Intrm.  203",http://fsmlaw.org/fsm/decisions/vol6/6fsm203_205.htm
"Nimeisa v. Department of Pub. Works, 6  FSM Intrm. 205",http://fsmlaw.org/fsm/decisions/vol6/6fsm205_213.htm
"Alep v. United States, 6 FSM Intrm.  214",http://fsmlaw.org/fsm/decisions/vol6/6fsm214_221.htm
"Pohnpei v. Ponape Constr. Co., 6  FSM Intrm. 221",http://fsmlaw.org/fsm/decisions/vol6/6fsm221_223.htm
"Nakamura v. Bank of Guam (I), 6  FSM Intrm. 224",http://fsmlaw.org/fsm/decisions/vol6/6fsm224_229.htm
"FSM Social Sec. Admin. v. Mallarme,  6 FSM Intrm. 230",http://fsmlaw.org/fsm/decisions/vol6/6fsm230_233.htm
"Nena v. Walter, 6 FSM Intrm.  233",http://fsmlaw.org/fsm/decisions/vol6/6fsm233_237.htm
"Maruwa Shokai Guam, Inc. v. Pyung  Hwa 31, 6 FSM Intrm. 238",http://fsmlaw.org/fsm/decisions/vol6/6fsm238_241.htm
"Berman v. Kolonia Town, 6 FSM  Intrm. 242",http://fsmlaw.org/fsm/decisions/vol6/6fsm242_247.htm
"Etscheit v. Mix, 6 FSM Intrm.  248",http://fsmlaw.org/fsm/decisions/vol6/6fsm248_251.htm
"Nena v. Kosrae (I), 6 FSM Intrm.  251",http://fsmlaw.org/fsm/decisions/vol6/6fsm251_256.htm
"Kosrae v. Melander, 6 FSM Intrm.  257",http://fsmlaw.org/fsm/decisions/vol6/6fsm257_259.htm
"Robert v. Chuuk State House of  Representatives, 6 FSM Intrm. 260",http://fsmlaw.org/fsm/decisions/vol6/6fsm260_273.htm
"Ponape Enterprises. Co. v. Luzama,  6 FSM Intrm. 274",http://fsmlaw.org/fsm/decisions/vol6/6fsm274_279.htm
"McCaffrey v. FSM Supreme Court, 6 FSM  Intrm. 279",http://fsmlaw.org/fsm/decisions/vol6/6fsm279_283.htm
"Gustaf v. Mori, 6 FSM Intrm.  284",http://fsmlaw.org/fsm/decisions/vol6/6fsm284_285.htm
"Ponape Enterprises Co. v. Bergen,  6 FSM Intrm. 286",http://fsmlaw.org/fsm/decisions/vol6/6fsm286_290.htm
"Wito Clan v. United Church of  Christ, 6 FSM Intrm. 291",http://fsmlaw.org/fsm/decisions/vol6/6fsm291_292.htm
"Hartman v. FSM, 6 FSM Intrm.  293",http://fsmlaw.org/fsm/decisions/vol6/6fsm293_303.htm
"Youngstrom v. Youngstrom, 6 FSM  Intrm. 304",http://fsmlaw.org/fsm/decisions/vol6/6fsm304_306.htm
"Kinere v. Kosrae, 6 FSM Intrm.  307",http://fsmlaw.org/fsm/decisions/vol6/6fsm307_309.htm
"Truk Continental Hotel, Inc. v.  Chuuk, 6 FSM Intrm. 310",http://fsmlaw.org/fsm/decisions/vol6/6fsm310_311.htm
"Stinnett v. Weno, 6 FSM Intrm.  312",http://fsmlaw.org/fsm/decisions/vol6/6fsm312_314.htm
"Simon v. Pohnpei, 6 FSM Intrm.  314",http://fsmlaw.org/fsm/decisions/vol6/6fsm314_318.htm
"Nahnken of Nett v. United States (II), 6  FSM Intrm. 318",http://fsmlaw.org/fsm/decisions/vol6/6fsm318_324.htm
"Poll v. Paul, 6 FSM Intrm.  324",http://fsmlaw.org/fsm/decisions/vol6/6fsm324_325.htm
"In re Estate of Hartman, 6 FSM  Intrm. 326",http://fsmlaw.org/fsm/decisions/vol6/6fsm326_330.htm
"In re Jae Joong Hwang, 6 FSM  Intrm. 331",http://fsmlaw.org/fsm/decisions/vol6/6fsm331_332.htm
"Iriarte v. Micronesia Development, Inc., 6  FSM Intrm. 332",http://fsmlaw.org/fsm/decisions/vol6/6fsm332_335.htm
"Senda v. Trial Division, 6 FSM Intrm.  336",http://fsmlaw.org/fsm/decisions/vol6/6fsm336_339.htm
"Nahnken of Nett v. Trial Division, 6  FSM Intrm. 339",http://fsmlaw.org/fsm/decisions/vol6/6fsm339_340.htm
"Ponape Enterprises Co. v. Soumwei,  6 FSM Intrm. 341",http://fsmlaw.org/fsm/decisions/vol6/6fsm341_345.htm
"Nakamura v. Bank of Guam (II), 6  FSM Intrm. 345",http://fsmlaw.org/fsm/decisions/vol6/6fsm345_354.htm
"Kihara Real Estate, Inc. v. Estate  of Nanpei (II), 6 FSM Intrm. 354",http://fsmlaw.org/fsm/decisions/vol6/6fsm354_356.htm
"Damarlane v. United States, 6 FSM Intrm.  357",http://fsmlaw.org/fsm/decisions/vol6/6fsm357_361.htm
"Palik v. Kosrae, 6 FSM Intrm.  362",http://fsmlaw.org/fsm/decisions/vol6/6fsm362_364.htm
"Etscheit v. Adams, 6 FSM Intrm.  365",http://fsmlaw.org/fsm/decisions/vol6/6fsm365_393.htm
"Robert v. Mori, 6 FSM Intrm.  394",http://fsmlaw.org/fsm/decisions/vol6/6fsm394_401.htm
"House of Travel v. Neth, 6 FSM  Intrm. 402",http://fsmlaw.org/fsm/decisions/vol6/6fsm402_404.htm
"McGillivray v. Bank of FSM  (I), 6 FSM Intrm. 404",http://fsmlaw.org/fsm/decisions/vol6/6fsm404_410.htm
"Ponape Enterprises Co. v. Bergen,  6 FSM Intrm. 411",http://fsmlaw.org/fsm/decisions/vol6/6fsm411_416.htm
"Nahnken of Nett v. United States (II), 6  FSM Intrm. 417",http://fsmlaw.org/fsm/decisions/vol6/6fsm417_423.htm
"Abraham v. Lusangulira, 6 FSM  Intrm. 423",http://fsmlaw.org/fsm/decisions/vol6/6fsm423_426.htm
"Mendiola v. Berman (I), 6 FSM  Intrm. 427",http://fsmlaw.org/fsm/decisions/vol6/6fsm427_429.htm
"J.C. Tenorio Enterprises, Inc. v.  Senda, 6 FSM Intrm. 430",http://fsmlaw.org/fsm/decisions/vol6/6fsm430_433.htm
"Berman v. Kolonia Town, 6 FSM  Intrm. 433",http://fsmlaw.org/fsm/decisions/vol6/6fsm433_437.htm
"Nena v. Kosrae (II), 6 FSM Intrm.  437",http://fsmlaw.org/fsm/decisions/vol6/6fsm437_440.htm
"Senda v. Mid-Pacific Constr. Co.,  6 FSM Intrm. 440",http://fsmlaw.org/fsm/decisions/vol6/6fsm440_446.htm
"Setik v. FSM, 6 FSM Intrm.  446",http://fsmlaw.org/fsm/decisions/vol6/6fsm446_448.htm
"Mendiola v. Berman (II), 6 FSM  Intrm. 449",http://fsmlaw.org/fsm/decisions/vol6/6fsm449_451.htm
"Nethon v. Mobil Oil Micronesia, Inc.,  6 FSM Intrm. 451",http://fsmlaw.org/fsm/decisions/vol6/6fsm451_460.htm
"Pohnpei v. Kailis, 6 FSM Intrm.  460",http://fsmlaw.org/fsm/decisions/vol6/6fsm460_463.htm
"Pohnpei v. M/V Zhong Yuan Yu #606,  6 FSM Intrm. 464",http://fsmlaw.org/fsm/decisions/vol6/6fsm464_466.htm
"Tafunsak v. Kosrae, 6 FSM Intrm.  467",http://fsmlaw.org/fsm/decisions/vol6/6fsm467_469.htm
"Alik v. Kosrae, 6 FSM Intrm.  469",http://fsmlaw.org/fsm/decisions/vol6/6fsm469_473.htm
"Barker v. Paul, 6 FSM Intrm.  473",http://fsmlaw.org/fsm/decisions/vol6/6fsm473_477.htm
"Stinnet v. Weno, 6 FSM Intrm.  478",http://fsmlaw.org/fsm/decisions/vol6/6fsm478_480.htm
"Chuuk Chamber of Commerce v. Weno,  6 FSM Intrm. 480",http://fsmlaw.org/fsm/decisions/vol6/6fsm480_481.htm
"Gimnang v. Trial Division, 6 FSM  Intrm. 482",http://fsmlaw.org/fsm/decisions/vol6/6fsm482_485.htm
"McGillivray v. Bank of FSM  (II), 6 FSM Intrm. 486",http://fsmlaw.org/fsm/decisions/vol6/6fsm486_490.htm
"Election Comm'r v. Petewon, 6  FSM Intrm. 491",http://fsmlaw.org/fsm/decisions/vol6/6fsm491_501.htm
"Kihara Real Estate, Inc. v. Estate  of Nanpei (III), 6 FSM Intrm. 502",http://fsmlaw.org/fsm/decisions/vol6/6fsm502_508.htm
"Nahnken of Nett v. U.S. (III), 6  FSM Intrm. 508",http://fsmlaw.org/fsm/decisions/vol6/6fsm508_528.htm
"Ungeni v. Fredrick, 6 FSM Intrm.  529",http://fsmlaw.org/fsm/decisions/vol6/6fsm529_531.htm
"Berman v. Santos, 6 FSM Intrm.  532",http://fsmlaw.org/fsm/decisions/vol6/6fsm532_536.htm
"Onopwi v. Aizawa, 6 FSM Intrm.  537",http://fsmlaw.org/fsm/decisions/vol6/6fsm537_540.htm
"Shiro v. Pios, 6 FSM Intrm.  541",http://fsmlaw.org/fsm/decisions/vol6/6fsm541_543.htm
"Cheni v. Ngusun, 6 FSM Intrm.  544",http://fsmlaw.org/fsm/decisions/vol6/6fsm544_548.htm
"Setik v. Sana, 6 FSM Intrm.  549",http://fsmlaw.org/fsm/decisions/vol6/6fsm549_554.htm
"Apweteko v. Paneria, 6 FSM Intrm.  554",http://fsmlaw.org/fsm/decisions/vol6/6fsm554_558.htm
"Emilios v. Setile, 6 FSM Intrm.  558",http://fsmlaw.org/fsm/decisions/vol6/6fsm558_561.htm
"Damarlane v. Pohnpei State Court,  6 FSM Intrm. 561",http://fsmlaw.org/fsm/decisions/vol6/6fsm561_564.htm
"Nena v. Kosrae (III), 6 FSM Intrm.  564",http://fsmlaw.org/fsm/decisions/vol6/6fsm564_570.htm
"Elwise v. Bonneville Constr. Co.,  6 FSM Intrm. 570",http://fsmlaw.org/fsm/decisions/vol6/6fsm570_572.htm
"FSM v. Wu Ya Si, 6 FSM Intrm.  573",http://fsmlaw.org/fsm/decisions/vol6/6fsm573_574.htm
"FSM v. Moroni, 6 FSM Intrm.  575",http://fsmlaw.org/fsm/decisions/vol6/6fsm575_579.htm
"Adams v. Etscheit, 6 FSM Intrm.  580",http://fsmlaw.org/fsm/decisions/vol6/6fsm580_584.htm
"FSM v. Zhong Yuan Yu No. 621, 6  FSM Intrm. 584",http://fsmlaw.org/fsm/decisions/vol6/6fsm584_591.htm
"Western Sales Trading Co. v.  Ponape Federation of Coop. Ass'ns, 6 FSM Intrm.  592",http://fsmlaw.org/fsm/decisions/vol6/6fsm592_594.htm
"Pohnpei v. MV Hai Hsiang #36 (I),  6 FSM Intrm. 594",http://fsmlaw.org/fsm/decisions/vol6/6fsm594_603.htm
"Pohnpei v. MV Hai Hsiang #36 (II),  6 FSM Intrm. 604",http://fsmlaw.org/fsm/decisions/vol6/6fsm604_605.htm
"In re Property of Doe, 6 FSM  Intrm. 606",http://fsmlaw.org/fsm/decisions/vol6/6fsm606_607.htm
"Etscheit v. Adams, 6 FSM Intrm.  608",http://fsmlaw.org/fsm/decisions/vol6/6fsm608_611.htm
"Chuuk v. Arnish, 6 FSM Intrm.  611",http://fsmlaw.org/fsm/decisions/vol6/6fsm611_614.htm
"Bank of Guam v. Nukuto, 6 FSM  Intrm. 615",http://fsmlaw.org/fsm/decisions/vol6/6fsm615_618.htm
"Pohnpei v. Kailis, 6 FSM Intrm.  619",http://fsmlaw.org/fsm/decisions/vol6/6fsm619_620.htm
"Katau Corp. v. Micronesian Maritime  Auth., 6 FSM Intrm. 621",http://fsmlaw.org/fsm/decisions/vol6/6fsm621_626.htm
"FSM v. George, 6 FSM Intrm.  626",http://fsmlaw.org/fsm/decisions/vol6/6fsm626_629.htm
"Sellem v. Maras, 7 FSM Intrm.  1",http://fsmlaw.org/fsm/decisions/vol7/7fsm001_007.htm
"Berman v. FSM Supreme Court (I), 7 FSM  Intrm. 8",http://fsmlaw.org/fsm/decisions/vol7/7fsm008_011.htm
"Berman v. FSM Supreme Court (II), 7 FSM  Intrm. 11",http://fsmlaw.org/fsm/decisions/vol7/7fsm011_017.htm
"International Trading Corp. v.  Ikosia, 7 FSM Intrm. 17",http://fsmlaw.org/fsm/decisions/vol7/7fsm017_019.htm
"McGillvray v. Bank of FSM, 7  FSM Intrm. 19",http://fsmlaw.org/fsm/decisions/vol7/7fsm019_026.htm
"Pohnpei v. Kailis, 7 FSM Intrm.  27",http://fsmlaw.org/fsm/decisions/vol7/7fsm027_029.htm
"Urban v. Salvador, 7 FSM Intrm.  29",http://fsmlaw.org/fsm/decisions/vol7/7fsm029_033.htm
"Youngstrom v. Youngstrom, 7 FSM  Intrm. 34",http://fsmlaw.org/fsm/decisions/vol7/7fsm034_037.htm
"Pan Oceania Maritime Serv.  (Guam) Ltd. v. Micronesia Shipping Inc., 7 FSM Intrm.  37",http://fsmlaw.org/fsm/decisions/vol7/7fsm037_039.htm
"Luzama v. Ponape Enterprises Co.,  7 FSM Intrm. 40",http://fsmlaw.org/fsm/decisions/vol7/7fsm040_052.htm
"Damarlane v. United States, 7 FSM Intrm.  52",http://fsmlaw.org/fsm/decisions/vol7/7fsm052_055.htm
"Damarlane v. United States, 7 FSM Intrm.  56",http://fsmlaw.org/fsm/decisions/vol7/7fsm056_074.htm
"Labra v. Makaya, 7 FSM Intrm.  75",http://fsmlaw.org/fsm/decisions/vol7/7fsm075_076.htm
"Wiliander v. Siales, 7 FSM Intrm.  77",http://fsmlaw.org/fsm/decisions/vol7/7fsm077_080.htm
"In re Kuang Hsing No. 127, 7 FSM  Intrm. 81",http://fsmlaw.org/fsm/decisions/vol7/7fsm081_082.htm
"Mailo v. Bae Fa Fishing Co., 7 FSM  Intrm. 83",http://fsmlaw.org/fsm/decisions/vol7/7fsm083_086.htm
"Klavasru v. Kosrae, 7 FSM Intrm.  86",http://fsmlaw.org/fsm/decisions/vol7/7fsm086_092.htm
"Kyowa Shipping Co. v. Wade, 7 FSM  Intrm. 93",http://fsmlaw.org/fsm/decisions/vol7/7fsm093_097.htm
"Conrad v. Kolonia Town, 7 FSM  Intrm. 97",http://fsmlaw.org/fsm/decisions/vol7/7fsm097_102.htm
"Mid-Pacific Constr. Co. v. Semes,  7 FSM Intrm. 102",http://fsmlaw.org/fsm/decisions/vol7/7fsm102_105.htm
"In re Failure of Justice to  Resign, 7 FSM Intrm. 105",http://fsmlaw.org/fsm/decisions/vol7/7fsm105_111.htm
"Semwen v. Seaward Holdings,  Micronesia, 7 FSM Intrm. 111",http://fsmlaw.org/fsm/decisions/vol7/7fsm111_114.htm
"FSM v. Hai Hsiang No. 63, 7 FSM  Intrm. 114",http://fsmlaw.org/fsm/decisions/vol7/7fsm114_116.htm
"Truk Continental Hotel, Inc. v.  Chuuk, 7 FSM Intrm. 117",http://fsmlaw.org/fsm/decisions/vol7/7fsm117_121.htm
"Wainit v. Weno, 7 FSM Intrm.  121",http://fsmlaw.org/fsm/decisions/vol7/7fsm121_123.htm
"FSM v. Cheng Chia-W (I), 7 FSM  Intrm. 124",http://fsmlaw.org/fsm/decisions/vol7/7fsm124_129.htm
"Mid-Pacific Constr. Co. v. Senda,  7 FSM Intrm. 129",http://fsmlaw.org/fsm/decisions/vol7/7fsm129_137.htm
"FSM Social Sec. Admin. v. Weilbacher, 7 FSM Intrm. 137",http://fsmlaw.org/fsm/decisions/vol7/7fsm137_147.htm
"Trance v. Penta Constr. Co., 7 FSM  Intrm. 147",http://fsmlaw.org/fsm/decisions/vol7/7fsm147_148.htm
"Chuuk v. Mijares, 7 FSM Intrm.  149",http://fsmlaw.org/fsm/decisions/vol7/7fsm149_151.htm
"Wiliander v. Mallarme, 7 FSM  Intrm. 152",http://fsmlaw.org/fsm/decisions/vol7/7fsm152_161.htm
"FSM v. Yue Yuan Yu No. 346, 7 FSM  Intrm. 162",http://fsmlaw.org/fsm/decisions/vol7/7fsm162_164.htm
"Eko v. Bank of Guam, 7 FSM Intrm.  164",http://fsmlaw.org/fsm/decisions/vol7/7fsm165_166.htm
"Damarlane v. United States, 7 FSM Intrm.  167",http://fsmlaw.org/fsm/decisions/vol7/7fsm167_170.htm
"Nahnken of Nett v. Pohnpei, 7 FSM  Intrm. 171",http://fsmlaw.org/fsm/decisions/vol7/7fsm171_182.htm
"In re Contempt of Cheida, 7 FSM  Intrm. 183",http://fsmlaw.org/fsm/decisions/vol7/7fsm183_187.htm
"FSM v. Xu Rui Song, 7 FSM Intrm.  187",http://fsmlaw.org/fsm/decisions/vol7/7fsm187_190.htm
"Latte Motors, Inc. v. Hainrick, 7  FSM Intrm. 190",http://fsmlaw.org/fsm/decisions/vol7/7fsm190_192.htm
"Kosrae Island Credit Union v.  Obat, 7 FSM Intrm. 193",http://fsmlaw.org/fsm/decisions/vol7/7fsm193_194.htm
"Wakuk v. Kosrae Island Credit  Union, 7 FSM Intrm. 195",http://fsmlaw.org/fsm/decisions/vol7/7fsm195_198.htm
Cal. Pacific Assocs. v.  Alexander 7 FSM Intrm. 198,http://fsmlaw.org/fsm/decisions/vol7/7fsm198_200.htm
"In re Webster, 7 FSM Intrm.  201",http://fsmlaw.org/fsm/decisions/vol7/7fsm201_202.htm
"Damarlane v. United States, 7 FSM Intrm.  202",http://fsmlaw.org/fsm/decisions/vol7/7fsm202_205.htm
"FSM v. Cheng Chia-W (II), 7 FSM  Intrm. 205",http://fsmlaw.org/fsm/decisions/vol7/7fsm205_221.htm
"FSM v. M.T. HL Achiever (I), 7 FSM  Intrm. 221",http://fsmlaw.org/fsm/decisions/vol7/7fsm221_223.htm
"Eram v. Masaichy, 7 FSM Intrm.  223",http://fsmlaw.org/fsm/decisions/vol7/7fsm223_227.htm
"House of Travel v. Neth, 7 FSM  Intrm. 228",http://fsmlaw.org/fsm/decisions/vol7/7fsm228_230.htm
"Berman v. Santos, 7 FSM Intrm.  231",http://fsmlaw.org/fsm/decisions/vol7/7fsm231_242.htm
"Union Industry Co. v. Santos, 7  FSM Intrm. 242",http://fsmlaw.org/fsm/decisions/vol7/7fsm242_245.htm
"FSM Dev. Bank v. Bruton, 7 FSM  Intrm. 246",http://fsmlaw.org/fsm/decisions/vol7/7fsm246_252.htm
"Sana v. Chuuk, 7 FSM Intrm.  252",http://fsmlaw.org/fsm/decisions/vol7/7fsm252_255.htm
"FSM v. M.T. HL Achiever (II), 7  FSM Intrm. 256",http://fsmlaw.org/fsm/decisions/vol7/7fsm256_259.htm
"In re Legislative Subpoena, 7 FSM  Intrm. 259",http://fsmlaw.org/fsm/decisions/vol7/7fsm259_261.htm
"In re Legislative Subpoena, 7 FSM  Intrm. 261",http://fsmlaw.org/fsm/decisions/vol7/7fsm261_267.htm
"In re Suspension of Chipen, 7 FSM  Intrm. 268",http://fsmlaw.org/fsm/decisions/vol7/7fsm268_269.htm
"Atin v. Eram, 7 FSM Intrm.  269",http://fsmlaw.org/fsm/decisions/vol7/7fsm269_272.htm
"Kaminaga v. Chuuk, 7 FSM Intrm.  272",http://fsmlaw.org/fsm/decisions/vol7/7fsm272_275.htm
"Ikanur v. Director of Educ., 7 FSM  Intrm. 275",http://fsmlaw.org/fsm/decisions/vol7/7fsm275_278.htm
"In re Disqualification of Justice,  7 FSM Intrm. 278",http://fsmlaw.org/fsm/decisions/vol7/7fsm278_280.htm
"FSM Social Sec. Admin. v. Kingtex  (FSM), Inc. (I), 7 FSM Intrm. 280",http://fsmlaw.org/fsm/decisions/vol7/7fsm280_288.htm
"Alafonso v. Serep, 7 FSM Intrm.  288",http://fsmlaw.org/fsm/decisions/vol7/7fsm288_291.htm
"Pacific Agri-Products, Inc. v.  Kolonia Consumer Coop. Ass’n, 7 FSM Intrm. 291",http://fsmlaw.org/fsm/decisions/vol7/7fsm291_294.htm
"Mailo v. Atonesia, 7 FSM Intrm.  294",http://fsmlaw.org/fsm/decisions/vol7/7fsm294_295.htm
"Ladore v. U Corp., 7 FSM Intrm.  296",http://fsmlaw.org/fsm/decisions/vol7/7fsm296_300.htm
"FSM v. Yue Yuan Yu No. 708, 7 FSM  Intrm. 300",http://fsmlaw.org/fsm/decisions/vol7/7fsm300_306.htm
"Chen Ho Fu v. Salvador, 7 FSM  Intrm. 306",http://fsmlaw.org/fsm/decisions/vol7/7fsm306_310.htm
"Black Micro Corp. v. Santos, 7 FSM  Intrm. 311",http://fsmlaw.org/fsm/decisions/vol7/7fsm311_316.htm
"Sandy v. Chuuk, 7 FSM Intrm.  316",http://fsmlaw.org/fsm/decisions/vol7/7fsm316_318.htm
"Nanpei v. Kihara, 7 FSM Intrm.  319",http://fsmlaw.org/fsm/decisions/vol7/7fsm319_325.htm
"Joeten Motor Co. v. Jae Joong  Hwang, 7 FSM Intrm. 326",http://fsmlaw.org/fsm/decisions/vol7/7fsm326_328.htm
"In re Legislative Subpoena, 7 FSM  Intrm. 328",http://fsmlaw.org/fsm/decisions/vol7/7fsm328_337.htm
"Truk Shipping Co. v. Chuuk, 7 FSM  Intrm. 337",http://fsmlaw.org/fsm/decisions/vol7/7fsm337_343.htm
"Tafunsak v. Kosrae, 7 FSM Intrm.  344",http://fsmlaw.org/fsm/decisions/vol7/7fsm344_350.htm
"Damarlane v. United States, 7 FSM Intrm.  350",http://fsmlaw.org/fsm/decisions/vol7/7fsm350_357.htm
"Sauder v. Chuuk State Legislature, 7  FSM Intrm. 358",http://fsmlaw.org/fsm/decisions/vol7/7fsm358_365.htm
"FSM Social Sec. Admin. v. Kingtex  (FSM), Inc. (II), 7 FSM Intrm. 365",http://fsmlaw.org/fsm/decisions/vol7/7fsm365_370.htm
"Mid-Pacific Constr. Co v. Senda, 7  FSM Intrm. 371",http://fsmlaw.org/fsm/decisions/vol7/7fsm371_375.htm
"Nakamura v. Moen Municipality, 7  FSM Intrm. 375",http://fsmlaw.org/fsm/decisions/vol7/7fsm375_380.htm
"Palsis v. Talley, 7 FSM Intrm.  380",http://fsmlaw.org/fsm/decisions/vol7/7fsm380_381.htm
"Bank of FSM v. Kengin, 7 FSM  Intrm. 381",http://fsmlaw.org/fsm/decisions/vol7/7fsm381_383.htm
"Damarlane v. FSM, 7 FSM Intrm.  383",http://fsmlaw.org/fsm/decisions/vol7/7fsm383_385.htm
"Triple J Enterprises v. Kolonia  Consumer Coop. Ass’n, 7 FSM Intrm. 385",http://fsmlaw.org/fsm/decisions/vol7/7fsm385_387.htm
"Richmond Wholesale Meat Co. v.  Kolonia Consumer Coop. Ass’n (I), 7 FSM Intrm. 387",http://fsmlaw.org/fsm/decisions/vol7/7fsm387_390.htm
"Etscheit v. Nahnken of Nett, 7 FSM  Intrm. 390",http://fsmlaw.org/fsm/decisions/vol7/7fsm390_396.htm
"FSM Dev. Bank v. Nait, 7 FSM  Intrm. 397",http://fsmlaw.org/fsm/decisions/vol7/7fsm397_399.htm
"Lavides v. Weilbacher, 7 FSM  Intrm. 400",http://fsmlaw.org/fsm/decisions/vol7/7fsm400_406.htm
"Richmond Wholesale Meat Co. v.  Kolonia Consumer Coop. Ass’n (II), 7 FSM Intrm.  407",http://fsmlaw.org/fsm/decisions/vol7/7fsm407_408.htm
"In re Estate of Hartman, 7 FSM  Intrm. 409",http://fsmlaw.org/fsm/decisions/vol7/7fsm409_410.htm
"Wilson v. Pohnpei Family Headstart  Program, Inc., 7 FSM Intrm. 411",http://fsmlaw.org/fsm/decisions/vol7/7fsm411_414.htm
"Oster v. Bisalen, 7 FSM Intrm.  414",http://fsmlaw.org/fsm/decisions/vol7/7fsm414_416.htm
"Kosrae Island Credit Union v.  Obet, 7 FSM Intrm. 416",http://fsmlaw.org/fsm/decisions/vol7/7fsm416_420.htm
"FSM Telecomm. Corp. v. Worswick,  7 FSM Intrm. 420",http://fsmlaw.org/fsm/decisions/vol7/7fsm420_423.htm
"Primo v. Refalopei, 7 FSM Intrm.  423",http://fsmlaw.org/fsm/decisions/vol7/7fsm423_436.htm
"FSM v. Webster George & Co., 7  FSM Intrm. 437",http://fsmlaw.org/fsm/decisions/vol7/7fsm437_441.htm
"FSM Social Sec. Admin. v. Weilbacher, 7 FSM Intrm. 442",http://fsmlaw.org/fsm/decisions/vol7/7fsm442_448.htm
"Hadley v. Bank of Hawaii, 7 FSM  Intrm. 449",http://fsmlaw.org/fsm/decisions/vol7/7fsm449_453.htm
"Richmond Wholesale Meat Co. v.  Kolonia Consumer Coop. Ass’n, 7 FSM Intrm. 453",http://fsmlaw.org/fsm/decisions/vol7/7fsm453_456.htm
"M/V Hai Hsang #36 v. Pohnpei, 7  FSM Intrm. 456",http://fsmlaw.org/fsm/decisions/vol7/7fsm456_465.htm
"In re Kuang Hsing 182, 7 FSM  Intrm. 465",http://fsmlaw.org/fsm/decisions/vol7/7fsm465_468.htm
"Damarlane v. United States, 7 FSM Intrm.  468",http://fsmlaw.org/fsm/decisions/vol7/7fsm468_470.htm
"Ting Hong Oceanic Enterprises v.  FSM, 7 FSM Intrm. 471",http://fsmlaw.org/fsm/decisions/vol7/7fsm471_481.htm
"Ting Hong Oceanic Enterprises v.  FSM, 7 FSM Intrm. 481",http://fsmlaw.org/fsm/decisions/vol7/7fsm481_485.htm
"Nahnken of Nett v. Pohnpei, 7 FSM  Intrm. 485",http://fsmlaw.org/fsm/decisions/vol7/7fsm485_492.htm
"Berman v. Santos, 7 FSM Intrm.  492",http://fsmlaw.org/fsm/decisions/vol7/7fsm492_493.htm
"Alep v. United States, 7 FSM  Intrm. 494",http://fsmlaw.org/fsm/decisions/vol7/7fsm494_504.htm
"Jackson v. Kosrae, 7 FSM Intrm.  504",http://fsmlaw.org/fsm/decisions/vol7/7fsm504_506.htm
"Rosokow v. Chuuk, 7 FSM Intrm.  507",http://fsmlaw.org/fsm/decisions/vol7/7fsm507_510.htm
"Damarlane v. United States, 7 FSM Intrm.  510",http://fsmlaw.org/fsm/decisions/vol7/7fsm510_514.htm
"Walter v. Meippen, 7 FSM Intrm.  515",http://fsmlaw.org/fsm/decisions/vol7/7fsm515_520.htm
"Senda v. Creditors of Mid-Pacific  Constr. Co, 7 FSM Intrm. 520",http://fsmlaw.org/fsm/decisions/vol7/7fsm520_522.htm
"Mid-Pacific Constr. Co v. Semes, 7  FSM Intrm. 522",http://fsmlaw.org/fsm/decisions/vol7/7fsm522_529.htm
"Graham v. FSM, 7 FSM Intrm.  529",http://fsmlaw.org/fsm/decisions/vol7/7fsm529_531.htm
"Burke v. Torwal, 7 FSM Intrm.  531",http://fsmlaw.org/fsm/decisions/vol7/7fsm531_536.htm
"Davis v. Kutta, 7 FSM Intrm.  536",http://fsmlaw.org/fsm/decisions/vol7/7fsm536_550.htm
"FSM v. Skico, Ltd. (I), 7 FSM  Intrm. 550",http://fsmlaw.org/fsm/decisions/vol7/7fsm550_553.htm
"Nahnken of Nett v. Pohnpei, 7 FSM  Intrm. 554",http://fsmlaw.org/fsm/decisions/vol7/7fsm554_555.htm
"FSM v. Skico, Ltd. (II), 7 FSM  Intrm. 555",http://fsmlaw.org/fsm/decisions/vol7/7fsm555_558.htm
"FSM v. Skico, Ltd. (III), 7 FSM  Intrm.558",http://fsmlaw.org/fsm/decisions/vol7/7fsm558_559.htm
"Stinnet v. Weno, 7 FSM Intrm.  560",http://fsmlaw.org/fsm/decisions/vol7/7fsm560_563.htm
"Chuuk v. Secretary of Finance, 7 FSM  Intrm. 563",http://fsmlaw.org/fsm/decisions/vol7/7fsm563_571.htm
"Palik v. Henry, 7 FSM Intrm.  571",http://fsmlaw.org/fsm/decisions/vol7/7fsm571_577.htm
"FSM v. Ting Hong Oceanic  Enterprises, 7 FSM Intrm. 578",http://fsmlaw.org/fsm/decisions/vol7/7fsm578_581.htm
"Nahnken of Nett v. United States, 7 FSM  Intrm. 581",http://fsmlaw.org/fsm/decisions/vol7/7fsm581_591.htm
"Lavides v. Weilbacher, 7 FSM  Intrm. 591",http://fsmlaw.org/fsm/decisions/vol7/7fsm591_595.htm
"Bank of the FSM v. Bergen, 7 FSM  Intrm. 595",http://fsmlaw.org/fsm/decisions/vol7/7fsm595_597.htm
"Oster v. Cholymay, 7 FSM Intrm.  598",http://fsmlaw.org/fsm/decisions/vol7/7fsm598_600.htm
"Chuuk State Supreme Court v.  Umwech (I), 7 FSM Intrm. 600",http://fsmlaw.org/fsm/decisions/vol7/7fsm600_601.htm
"Fu Zhou Fuyan Pelagic Fishery Co.  v. Wang Shun Ren, 7 FSM Intrm. 601",http://fsmlaw.org/fsm/decisions/vol7/7fsm601_606.htm
"Gimnang v. Yap, 7 FSM Intrm.  606",http://fsmlaw.org/fsm/decisions/vol7/7fsm606_612.htm
"Nahnken of Nett v. United States, 7 FSM  Intrm. 612",http://fsmlaw.org/fsm/decisions/vol7/7fsm612_613.htm
"Pohnpei v. Ponape Constr. Co., 7  FSM Intrm. 613",http://fsmlaw.org/fsm/decisions/vol7/7fsm613_623.htm
"Berman v. Santos, 7 FSM Intrm.  624",http://fsmlaw.org/fsm/decisions/vol7/7fsm624_628.htm
"FSM v. Skico, Ltd. (IV), 7 FSM  Intrm. 628",http://fsmlaw.org/fsm/decisions/vol7/7fsm628_630.htm
"Chuuk State Supreme Court v.  Umwech (II), 7 FSM Intrm. 630",http://fsmlaw.org/fsm/decisions/vol7/7fsm630_633.htm
"FSM v. Cheida, 7 FSM Intrm.  633",http://fsmlaw.org/fsm/decisions/vol7/7fsm633_642.htm
"Ting Hong Oceanic Enterprises v.  Trial Division, 7 FSM Intrm. 642",http://fsmlaw.org/fsm/decisions/vol7/7fsm642_643.htm
"FSM v. Ting Hong Oceanic  Enterprises, 7 FSM Intrm. 644",http://fsmlaw.org/fsm/decisions/vol7/7fsm644_651.htm
"Bank of Hawaii v. Air Nauru, 7 FSM  Intrm. 651",http://fsmlaw.org/fsm/decisions/vol7/7fsm651_654.htm
"In re Sanction of Berman, 7 FSM  Intrm. 654",http://fsmlaw.org/fsm/decisions/vol7/7fsm654_658.htm
"Berman v. Santos, 7 FSM Intrm.  658",http://fsmlaw.org/fsm/decisions/vol7/7fsm658_659.htm
"Bank of Hawaii v. Kolonia Consumer  Coop. Ass’n, 7 FSM Intrm. 659",http://fsmlaw.org/fsm/decisions/vol7/7fsm659_664.htm
"Senda v. Creditors of Mid-Pacifice  Constr. Co, 7 FSM Intrm. 664",http://fsmlaw.org/fsm/decisions/vol7/7fsm664_674.htm
"Ting Hong Oceanic Enterprises v.  Supreme Court, 8 FSM Intrm. 1",http://fsmlaw.org/fsm/decisions/vol8/8fsm001_010.htm
"Damarlane v. FSM, 8 FSM Intrm.  10",http://fsmlaw.org/fsm/decisions/vol8/8fsm010_013.htm
"Damarlane v. United States, 8 FSM Intrm.  14",http://fsmlaw.org/fsm/decisions/vol8/8fsm014_018.htm
"Rodale’s Scuba Diving Magazine v.  Billimon, 8 FSM Intrm. 18",http://fsmlaw.org/fsm/decisions/vol8/8fsm018_020.htm
"In re Contempt of Umwech, 8 FSM  Intrm. 20",http://fsmlaw.org/fsm/decisions/vol8/8fsm020_022.htm
"In re Sanction of Berman, 8 FSM  Intrm. 22",http://fsmlaw.org/fsm/decisions/vol8/8fsm022_023.htm
"Damarlane v. Pohnpei Legislature,  8 FSM Intrm. 23",http://fsmlaw.org/fsm/decisions/vol8/8fsm023_028.htm
"Wainit v. Weno, 8 FSM Intrm.  28",http://fsmlaw.org/fsm/decisions/vol8/8fsm028_030.htm
"Heirs of Mongkeya v. Heirs of  Mackwelung, 8 FSM Intrm. 31",http://fsmlaw.org/fsm/decisions/vol8/8fsm031_039.htm
"FSM v. Skico, Ltd., 8 FSM Intrm.  41",http://fsmlaw.org/fsm/decisions/vol8/8fsm040_044.htm
"Damarlane v. United States, 8 FSM Intrm.  45",http://fsmlaw.org/fsm/decisions/vol8/8fsm045_059.htm
"Glocke v. Pohnpei, 8 FSM Intrm.  60",http://fsmlaw.org/fsm/decisions/vol8/8fsm060_062.htm
"Fabian v. Ting Hong Oceanic  Enterprises, 8 FSM Intrm. 63",http://fsmlaw.org/fsm/decisions/vol8/8fsm063_067.htm
"Bank of FSM v. O’Sonis, 8 FSM  Intrm. 67",http://fsmlaw.org/fsm/decisions/vol8/8fsm067_069.htm
"Damarlane v. United States, 8 FSM Intrm.  70",http://fsmlaw.org/fsm/decisions/vol8/8fsm070_071.htm
"In re Recall Election, 8 FSM  Intrm. 71",http://fsmlaw.org/fsm/decisions/vol8/8fsm071_074.htm
"In re Certification of Belgrove, 8  FSM Intrm. 74",http://fsmlaw.org/fsm/decisions/vol8/8fsm074_078.htm
"FSM v. Ting Hong Oceanic  Enterprises, 8 FSM Intrm. 79",http://fsmlaw.org/fsm/decisions/vol8/8fsm079_093.htm
"Fabian v. Ting Hong Oceanic  Enterprises, 8 FSM Intrm. 93",http://fsmlaw.org/fsm/decisions/vol8/8fsm093_095.htm
"Yinmed v. Yap, 8 FSM Intrm.  95",http://fsmlaw.org/fsm/decisions/vol8/8fsm095_104.htm
"Island Cable TV-Chuuk v. Aizawa, 8  FSM Intrm. 104",http://fsmlaw.org/fsm/decisions/vol8/8fsm104_107.htm
"In re Sanction of Michelsen, 8 FSM  Intrm. 108",http://fsmlaw.org/fsm/decisions/vol8/8fsm108_111.htm
"Dorval Tankship Pty, Ltd. v. Dept.  of Finance, 8 FSM Intrm. 111",http://fsmlaw.org/fsm/decisions/vol8/8fsm111_116.htm
"Wito Clan v. United Church of  Christ, 8 FSM Intrm. 116",http://fsmlaw.org/fsm/decisions/vol8/8fsm116_119.htm
"Damarlane v. FSM, 8 FSM Intrm.  119",http://fsmlaw.org/fsm/decisions/vol8/8fsm119_122.htm
"Chuuk Chamber of Commerce v. Weno, 8 FSM  Intrm. 122",http://fsmlaw.org/fsm/decisions/vol8/8fsm122_128.htm
"FSM Social Sec. Admin. v. Kingtex  (FSM) Inc., 8 FSM Intrm. 129",http://fsmlaw.org/fsm/decisions/vol8/8fsm129_139.htm
"Mailo v. Penta Ocean Inc., 8 FSM  Intrm. 139",http://fsmlaw.org/fsm/decisions/vol8/8fsm139_142.htm
"Stinnnett v. Weno, 8 FSM Intrm.  142",http://fsmlaw.org/fsm/decisions/vol8/8fsm142_147.htm
"Alik v. Moses, 8 FSM Intrm.  148",http://fsmlaw.org/fsm/decisions/vol8/8fsm148_151.htm
"FSM v. Fal, 8 FSM Intrm.  151",http://fsmlaw.org/fsm/decisions/vol8/8fsm151_155.htm
"Carlos Estcheit Soap Co. v. Epina,  8 FSM Intrm. 155",http://fsmlaw.org/fsm/decisions/vol8/8fsm155_165.htm
"FSM v. Ting Hong Oceanic  Enterprises, 8 FSM Intrm. 166",http://fsmlaw.org/fsm/decisions/vol8/8fsm166_183.htm
"Conrad v. Kolonia Town, 8 FSM  Intrm. 183",http://fsmlaw.org/fsm/decisions/vol8/8fsm183_197.htm
"Bank of Guam v. Ismael, 8 FSM  Intrm. 197",http://fsmlaw.org/fsm/decisions/vol8/8fsm197_198.htm
"Youngstrom v. Phillip, 8 FSM  Intrm. 198",http://fsmlaw.org/fsm/decisions/vol8/8fsm198_203.htm
"Johnny v. FSM, 8 FSM Intrm.  203",http://fsmlaw.org/fsm/decisions/vol8/8fsm203_208.htm
"Louis v. Kutta, 8 FSM Intrm. 208",http://fsmlaw.org/fsm/decisions/vol8/8fsm208_215.htm
"Conrad v. Kolonia Town, 8 FSM  Intrm. 215",http://fsmlaw.org/fsm/decisions/vol8/8fsm215_218.htm
"Davis v. Kutta, 8 FSM Intrm.  218",http://fsmlaw.org/fsm/decisions/vol8/8fsm218_224.htm
"Damarlane v. Harden, 8 FSM Intrm.  225",http://fsmlaw.org/fsm/decisions/vol8/8fsm225_227.htm
"Louis v. Kutta, 8 FSM Intrm.  228",http://fsmlaw.org/fsm/decisions/vol8/8fsm228_230.htm
"Iriarte v. Etscheit, 8 FSM Intrm.  231",http://fsmlaw.org/fsm/decisions/vol8/8fsm231_241.htm
"Wolphagen v. Ramp, 8 FSM Intrm.  241",http://fsmlaw.org/fsm/decisions/vol8/8fsm241_245.htm
"Aizawa v. Chuuk State Election  Comm’r, 8 FSM Intrm. 245",http://fsmlaw.org/fsm/decisions/vol8/8fsm245_248.htm
"Mauricio v. Phoenix of Micronesia,  Inc., 8 FSM Intrm. 248",http://fsmlaw.org/fsm/decisions/vol8/8fsm248_263.htm
"Iriarte v. Etscheit, 8 FSM Intrm.  263",http://fsmlaw.org/fsm/decisions/vol8/8fsm263_264.htm
"Ting Hong Oceanic Enterprises v.  FSM, 8 FSM Intrm. 264",http://fsmlaw.org/fsm/decisions/vol8/8fsm264_265.htm
"FSM v. Santa, 8 FSM Intrm.  266",http://fsmlaw.org/fsm/decisions/vol8/8fsm266_269.htm
"Taulung v. Kosrae, 8 FSM Intrm.  270",http://fsmlaw.org/fsm/decisions/vol8/8fsm270_275.htm
"Aizawa v. Chuuk State Election  Comm’r, 8 FSM Intrm. 275",http://fsmlaw.org/fsm/decisions/vol8/8fsm275_281.htm
"Pohnpei v. M/V Miyo Maru No. 11, 8  FSM Intrm. 281",http://fsmlaw.org/fsm/decisions/vol8/8fsm281_297.htm
"Nimwes v. FSM, 8 FSM Intrm.  297",http://fsmlaw.org/fsm/decisions/vol8/8fsm297_299.htm
"FSM v. Nimwes, 8 FSM Intrm.  299",http://fsmlaw.org/fsm/decisions/vol8/8fsm299_300.htm
"Marcus v. Suka, 8 FSM Intrm.  300a",http://fsmlaw.org/fsm/decisions/vol8/8fsm300a_300c.htm
"David v. Uman Election Comm’r, 8  FSM Intrm. 300d",http://fsmlaw.org/fsm/decisions/vol8/8fsm300d_300i.htm
"Ham v. Chuuk, 8 FSM Intrm.  300i",http://fsmlaw.org/fsm/decisions/vol8/8fsm300i_300k.htm
"Lewis v. Haruo, 8 FSM Intrm.  300l",http://fsmlaw.org/fsm/decisions/vol8/8fsm300l_300n.htm
"Chipen v. Chuuk State Election  Comm’n, 8 FSM Intrm. 300n",http://fsmlaw.org/fsm/decisions/vol8/8fsm300n_300p.htm
"Bank of Guam v. O’ Sonis, 8 FSM  Intrm. 301",http://fsmlaw.org/fsm/decisions/vol8/8fsm301_306.htm
"Joy Enterprises, Inc. v. Pohnpei  Utilities Corp. 8 FSM Intrm. 306",http://fsmlaw.org/fsm/decisions/vol8/8fsm306_312.htm
"Louis v. Kutta, 8 FSM Intrm.  312",http://fsmlaw.org/fsm/decisions/vol8/8fsm312_323.htm
"FSM v. Kihleng, 8 FSM Intrm.  323",http://fsmlaw.org/fsm/decisions/vol8/8fsm323_325.htm
"Isaac v. Weilbacher, 8 FSM Intrm.  326",http://fsmlaw.org/fsm/decisions/vol8/8fsm326_337.htm
"Davis v. Kutta, 8 FSM Intrm.  338",http://fsmlaw.org/fsm/decisions/vol8/8fsm338_344.htm
"Cornelius v. Kosrae, 8 FSM Intrm.  345",http://fsmlaw.org/fsm/decisions/vol8/8fsm345_352.htm
"Chuuk v. Secretary of Finance, 8 FSM  Intrm. 353",http://fsmlaw.org/fsm/decisions/vol8/8fsm353_387.htm
"Coca-Cola Beverage Co. (Micronesia) v.  Edmond, 8 FSM Intrm. 388",http://fsmlaw.org/fsm/decisions/vol8/8fsm388_393.htm
"Hauk v. Terravecchia, 8 FSM Intrm.  394",http://fsmlaw.org/fsm/decisions/vol8/8fsm394_397.htm
"Nelson v. Kosrae, 8 FSM Intrm.  397",http://fsmlaw.org/fsm/decisions/vol8/8fsm397_410.htm
"Mauricio v. Phoenix of Micronesia,  Inc., 8 FSM Intrm. 411",http://fsmlaw.org/fsm/decisions/vol8/8fsm411_419.htm
"In re Contempt of Skilling, 8 FSM  Intrm. 419",http://fsmlaw.org/fsm/decisions/vol8/8fsm419_426.htm
"Langu v. Kosrae, 8 FSM Intrm.  427",http://fsmlaw.org/fsm/decisions/vol8/8fsm427_436.htm
"Porwek v. American Int’l Co.  Micronesia, 8 FSM Intrm. 436",http://fsmlaw.org/fsm/decisions/vol8/8fsm436_438.htm
"Kaminaga v. FSM College of Micronesia,  8 FSM Intrm. 438",http://fsmlaw.org/fsm/decisions/vol8/8fsm438_443.htm
"Asher v. Kosrae, 8 FSM Intrm.  443",http://fsmlaw.org/fsm/decisions/vol8/8fsm443_454.htm
"Langu v. Kosrae, 8 FSM Intrm.  455",http://fsmlaw.org/fsm/decisions/vol8/8fsm455_459.htm
"Louis v. Kutta, 8 FSM Intrm.  460",http://fsmlaw.org/fsm/decisions/vol8/8fsm460_462.htm
"Porwek v. American Int’l Co.  Micronesia, 8 FSM Intrm. 463",http://fsmlaw.org/fsm/decisions/vol8/8fsm463_467.htm
"Chuuk v. Ham, 8 FSM Intrm.  467",http://fsmlaw.org/fsm/decisions/vol8/8fsm467_469.htm
"FSM v. Joseph, 8 FSM Intrm.  469",http://fsmlaw.org/fsm/decisions/vol8/8fsm469_471.htm
"Lebehn v. Mobil Oil Micronesia, Inc.,  8 FSM Intrm. 471",http://fsmlaw.org/fsm/decisions/vol8/8fsm471_484.htm
"Senda v. Semes, 8 FSM Intrm.  484",http://fsmlaw.org/fsm/decisions/vol8/8fsm484_509.htm
"Palik v. Kosrae, 8 FSM Intrm.  509",http://fsmlaw.org/fsm/decisions/vol8/8fsm509_517.htm
"Thomson v. George, 8 FSM Intrm.  517",http://fsmlaw.org/fsm/decisions/vol8/8fsm517_523.htm
"Pau v. Kansou, 8 FSM Intrm.  524",http://fsmlaw.org/fsm/decisions/vol8/8fsm524_528.htm
"Nelper v. Akinaga, Pangelinan  & Saita Co., 8 FSM Intrm. 528",http://fsmlaw.org/fsm/decisions/vol8/8fsm528_542.htm
"FSM v. Edwin, 8 FSM Intrm.  543",http://fsmlaw.org/fsm/decisions/vol8/8fsm543_549.htm
"Iwenong v. Chuuk, 8 FSM Intrm.  550",http://fsmlaw.org/fsm/decisions/vol8/8fsm550_552.htm
"Nakamura v. Moen Municipality, 8  FSM Intrm. 552",http://fsmlaw.org/fsm/decisions/vol8/8fsm552_554.htm
"Esechu v. Mariano, 8 FSM Intrm.  555",http://fsmlaw.org/fsm/decisions/vol8/8fsm555_557.htm
"Sipia v. Chuuk, 8 FSM Intrm.  557",http://fsmlaw.org/fsm/decisions/vol8/8fsm557_560.htm
"Mathew v. Silander, 8 FSM Intrm.  560",http://fsmlaw.org/fsm/decisions/vol8/8fsm560_564.htm
"Osi v. Chuuk, 8 FSM Intrm.  565",http://fsmlaw.org/fsm/decisions/vol8/8fsm565_566.htm
"Choisa v. Osia, 8 FSM Intrm.  567",http://fsmlaw.org/fsm/decisions/vol8/8fsm567_569.htm
"Pius v. Chuuk State Election  Comm’n, 8 FSM Intrm. 570",http://fsmlaw.org/fsm/decisions/vol8/8fsm570_571.htm
"Welle v. Walter, 8 FSM Intrm.  572",http://fsmlaw.org/fsm/decisions/vol8/8fsm572_574.htm
"Muritok v. William, 8 FSM Intrm.  574",http://fsmlaw.org/fsm/decisions/vol8/8fsm574_576.htm
"Chuuk v. Sound, 8 FSM Intrm.  577",http://fsmlaw.org/fsm/decisions/vol8/8fsm577_580.htm
"Hartman v. Chuuk, 8 FSM Intrm.  580",http://fsmlaw.org/fsm/decisions/vol8/8fsm580_582.htm
"Mark v. Chuuk, 8 FSM Intrm.  582",http://fsmlaw.org/fsm/decisions/vol8/8fsm582_584.htm
"Reselap v. Chuuk, 8 FSM Intrm.  584",http://fsmlaw.org/fsm/decisions/vol8/8fsm584_587.htm
"Os v. Enlet, 8 FSM Intrm.  587",http://fsmlaw.org/fsm/decisions/vol8/8fsm587_588.htm
"Nechiesom v. Irons, 8 FSM Intrm.  589",http://fsmlaw.org/fsm/decisions/vol8/8fsm589_591.htm
"In re Malon, 8 FSM Intrm.  591",http://fsmlaw.org/fsm/decisions/vol8/8fsm591_592.htm
"In re Ori, 8 FSM Intrm.  593",http://fsmlaw.org/fsm/decisions/vol8/8fsm593_595.htm
"Walter v. Welle, 8 FSM Intrm.  595",http://fsmlaw.org/fsm/decisions/vol8/8fsm595_596.htm
"David v. San Nicolas, 8 FSM Intrm.  597",http://fsmlaw.org/fsm/decisions/vol8/8fsm597_598.htm
"FSM v. Falcam, 9 FSM Intrm.  1",http://fsmlaw.org/fsm/decisions/vol9/9fsm001_006.htm
"FSM Telecomm. Corp. v. Worswick,  9 FSM Intrm. 6",http://fsmlaw.org/fsm/decisions/vol9/9fsm006_018.htm
"Island Dev. Co. v. Yap, 9 FSM  Intrm. 18",http://fsmlaw.org/fsm/decisions/vol9/9fsm018_022.htm
"Mathebei v. Ting Hong Oceanic  Enterprises, 9 FSM Intrm. 23",http://fsmlaw.org/fsm/decisions/vol9/9fsm023_028.htm
"Hartman v. Chuuk, 9 FSM Intrm.  28",http://fsmlaw.org/fsm/decisions/vol9/9fsm028_033.htm
"William v. Muritok, 9 FSM Intrm.  34",http://fsmlaw.org/fsm/decisions/vol9/9fsm034_036.htm
"Sellem v. Maras, 9 FSM Intrm.  36",http://fsmlaw.org/fsm/decisions/vol9/9fsm036_039.htm
"Bualuay v. Rano, 9 FSM Intrm.  39",http://fsmlaw.org/fsm/decisions/vol9/9fsm039_040.htm
"Judah v. Chuuk, 9 FSM Intrm.  41",http://fsmlaw.org/fsm/decisions/vol9/9fsm041_042.htm
"Chuuk v. Defang, 9 FSM Intrm.  43",http://fsmlaw.org/fsm/decisions/vol9/9fsm043_045.htm
"Chipen v. Losap Election Comm’r, 9  FSM Intrm. 46",http://fsmlaw.org/fsm/decisions/vol9/9fsm046_048.htm
"Sigrah v. Timothy, 9 FSM Intrm.  48",http://fsmlaw.org/fsm/decisions/vol9/9fsm048_055.htm
"Sally v. Andon, 9 FSM Intrm.  55",http://fsmlaw.org/fsm/decisions/vol9/9fsm055_056.htm
"Abraham v. Kosrae, 9 FSM Intrm.  57",http://fsmlaw.org/fsm/decisions/vol9/9fsm057_062.htm
"O’Byrne v. George, 9 FSM Intrm.  62",http://fsmlaw.org/fsm/decisions/vol9/9fsm062_066.htm
"FSM v. Joseph, 9 FSM Intrm.  66",http://fsmlaw.org/fsm/decisions/vol9/9fsm066_073.htm
"Chuuk v. Secretary of Finance, 9 FSM  Intrm. 73",http://fsmlaw.org/fsm/decisions/vol9/9fsm073_075.htm
"Mid-Pacific Liquor Distrib. Corp.  v. Edmond, 9 FSM Intrm. 75",http://fsmlaw.org/fsm/decisions/vol9/9fsm075_080.htm
"Chipen v. Election Comm’r of  Losap, 9 FSM Intrm. 80",http://fsmlaw.org/fsm/decisions/vol9/9fsm080_081.htm
"Tom v. Pohnpei Utilities Corp., 9  FSM Intrm. 82",http://fsmlaw.org/fsm/decisions/vol9/9fsm082_089.htm
"Sigrah v. Kosrae State Land  Comm’n, 9 FSM Intrm. 89",http://fsmlaw.org/fsm/decisions/vol9/9fsm089_095.htm
"Tulensru v. Utwe, 9 FSM Intrm.  95",http://fsmlaw.org/fsm/decisions/vol9/9fsm095_098.htm
"Chuuk v. Secretary of Finance, 9 FSM  Intrm. 99",http://fsmlaw.org/fsm/decisions/vol9/9fsm099_102.htm
"Youngstrom v. Phillip, 9 FSM  Intrm. 103",http://fsmlaw.org/fsm/decisions/vol9/9fsm103_106.htm
"Bank of Guam v. O’Sonis, 9 FSM  Intrm. 106",http://fsmlaw.org/fsm/decisions/vol9/9fsm106_114.htm
"Damarlane v. Pohnpei, 9 FSM Intrm.  114",http://fsmlaw.org/fsm/decisions/vol9/9fsm114_119.htm
"National Fisheries Corp. v. New   Quick  Co., 9 FSM Intrm. 120",http://fsmlaw.org/fsm/decisions/vol9/9fsm120_132.htm
"Braiel v. National Election Dir., 9  FSM Intrm. 133",http://fsmlaw.org/fsm/decisions/vol9/9fsm133_139.htm
"FSM v. Moses, 9 FSM Intrm.  139",http://fsmlaw.org/fsm/decisions/vol9/9fsm139_147.htm
"National Fisheries Corp v. New   Quick  Co., 9 FSM Intrm. 147",http://fsmlaw.org/fsm/decisions/vol9/9fsm147_148.htm
"Chipen v. Reynold, 9 FSM Intrm.  148",http://fsmlaw.org/fsm/decisions/vol9/9fsm148_150.htm
"Pohnpei v. M/V Miyo Maru No. 11, 9  FSM Intrm. 150",http://fsmlaw.org/fsm/decisions/vol9/9fsm150_154.htm
"Phoenix of Micronesia, Inc. v.  Mauricio, 9 FSM Intrm. 155",http://fsmlaw.org/fsm/decisions/vol9/9fsm155_160.htm
"Wainit v. Weno, 9 FSM Intrm.  160",http://fsmlaw.org/fsm/decisions/vol9/9fsm160_163.htm
"Chipen v. Election Comm’r of  Losap, 9 FSM Intrm. 163",http://fsmlaw.org/fsm/decisions/vol9/9fsm163_164.htm
"In re Attorney Disciplinary  Proceeding, 9 FSM Intrm. 165",http://fsmlaw.org/fsm/decisions/vol9/9fsm165_175.htm
"Elaija v. Edmond, 9 FSM Intrm.  175",http://fsmlaw.org/fsm/decisions/vol9/9fsm175_183.htm
"Cheida v. FSM, 9 FSM Intrm.  183",http://fsmlaw.org/fsm/decisions/vol9/9fsm183_190.htm
"Wolphagen v. Ramp, 9 FSM Intrm.  191",http://fsmlaw.org/fsm/decisions/vol9/9fsm191_195.htm
"Ueda v. Stephen, 9 FSM Intrm.  195",http://fsmlaw.org/fsm/decisions/vol9/9fsm195_197.htm
"Bank of Guam v. O’Sonis, 9 FSM  Intrm. 197",http://fsmlaw.org/fsm/decisions/vol9/9fsm197_199.htm
"Weno v. Stinnet, 9 FSM Intrm.  200",http://fsmlaw.org/fsm/decisions/vol9/9fsm200_215.htm
"Youp v. Pingelap, 9 FSM Intrm.  215",http://fsmlaw.org/fsm/decisions/vol9/9fsm215_218.htm
"Irons v. Ruben, 9 FSM Intrm.  218",http://fsmlaw.org/fsm/decisions/vol9/9fsm218_220.htm
"Island Dev. Co. v. Yap, 9 FSM  Intrm. 220",http://fsmlaw.org/fsm/decisions/vol9/9fsm220_224.htm
"David v. Bossy, 9 FSM Intrm.  224",http://fsmlaw.org/fsm/decisions/vol9/9fsm224_226.htm
"Phillip v. Phillip, 9 FSM Intrm.  226",http://fsmlaw.org/fsm/decisions/vol9/9fsm226_228.htm
"O’Sullivan v. Panuelo, 9 FSM  Intrm. 229",http://fsmlaw.org/fsm/decisions/vol9/9fsm229_233.htm
"Malem v. Kosrae, 9 FSM Intrm.  233",http://fsmlaw.org/fsm/decisions/vol9/9fsm233_237.htm
"Calvary Baptist Church v. Pohnpei  Bd. of Land Trustees, 9 FSM Intrm. 238",http://fsmlaw.org/fsm/decisions/vol9/9fsm238_240.htm
"People of Satawal ex rel.  Ramoloilug v. Mina Maru No. 3, 9 FSM Intrm. 241",http://fsmlaw.org/fsm/decisions/vol9/9fsm241_242.htm
"Kosrae v. Langu, 9 FSM Intrm. 243",http://fsmlaw.org/fsm/decisions/vol9/9fsm243_251.htm
"Elymore v. Walter, 9 FSM Intrm.  251",http://fsmlaw.org/fsm/decisions/vol9/9fsm251_254.htm
"Chuuk v. Secretary of Finance, 9 FSM  Intrm. 255",http://fsmlaw.org/fsm/decisions/vol9/9fsm255_257.htm
"Isaac v. Benjamin, 9 FSM Intrm.  258",http://fsmlaw.org/fsm/decisions/vol9/9fsm258_260.htm
"Bank of Hawaii v. Helgenberger, 9  FSM Intrm. 260",http://fsmlaw.org/fsm/decisions/vol9/9fsm260_263.htm
"Island Cable TV v. Gilmete, 9 FSM  Intrm. 264",http://fsmlaw.org/fsm/decisions/vol9/9fsm264_267.htm
"Palik v. Henry, 9 FSM Intrm.  267",http://fsmlaw.org/fsm/decisions/vol9/9fsm267_270.htm
"Federated Shipping Co. v. Trial  Division, 9 FSM Intrm. 270",http://fsmlaw.org/fsm/decisions/vol9/9fsm270_273.htm
"Pohnpei v. KSVI No. 3, 9 FSM  Intrm. 273",http://fsmlaw.org/fsm/decisions/vol9/9fsm273_278.htm
"In re Robert,9 FSM Intrm. 278a",http://fsmlaw.org/fsm/decisions/vol9/9fsm278a_278h.html
"Island Dev. Co. v. Yap, 9 FSM  Intrm. 279",http://fsmlaw.org/fsm/decisions/vol9/9fsm279_284.htm
"Santos v. Bank of Hawaii, 9 FSM  Intrm. 285",http://fsmlaw.org/fsm/decisions/vol9/9fsm285_288.htm
"Island Dev. Co. v. Yap, 9 FSM  Intrm. 288",http://fsmlaw.org/fsm/decisions/vol9/9fsm288_291.htm
"FSM Telecomm. Corp v. Department of  Treasury, 9 FSM Intrm. 292",http://fsmlaw.org/fsm/decisions/vol9/9fsm292_294.htm
"Mobil Oil Micronesia, Inc. v. Helgenberger, 9 FSM Intrm. 295",http://fsmlaw.org/fsm/decisions/vol9/9fsm295_296.htm
"In re Kolonia Consumers Coop.  Ass’n, 9 FSM Intrm. 297",http://fsmlaw.org/fsm/decisions/vol9/9fsm297_301.htm
"AHPW, Inc. v. FSM, 9 FSM Intrm.  301",http://fsmlaw.org/fsm/decisions/vol9/9fsm301_306.htm
"Santos v. Bank of Hawaii, 9 FSM  Intrm. 306",http://fsmlaw.org/fsm/decisions/vol9/9fsm306_309.htm
"Palik v. Henry, 9 FSM Intrm.  309",http://fsmlaw.org/fsm/decisions/vol9/9fsm309_313.htm
"Marar v. Chuuk, 9 FSM Intrm.  313",http://fsmlaw.org/fsm/decisions/vol9/9fsm313_315.htm
"Pohnpei v. M/V Miyo Maru No. 11, 9  FSM Intrm. 316",http://fsmlaw.org/fsm/decisions/vol9/9fsm316_332.htm
"Jonah v. Kosrae, 9 FSM Intrm.  332",http://fsmlaw.org/fsm/decisions/vol9/9fsm332_334.htm
"Jonah v. Kosrae, 9 FSM Intrm.  335",http://fsmlaw.org/fsm/decisions/vol9/9fsm335_345.htm
"FSM v. Aki, 9 FSM Intrm.  345",http://fsmlaw.org/fsm/decisions/vol9/9fsm345_350.htm
"FSM v. Zhong Yuan Fishery Co., 9  FSM Intrm. 351",http://fsmlaw.org/fsm/decisions/vol9/9fsm351_353.htm
"Department of Treasury v. FSM Telecomm.  Co, 9 FSM Intrm. 353",http://fsmlaw.org/fsm/decisions/vol9/9fsm353_356.htm
"O’Sonis v. Bank of Guam, 9 FSM  Intrm. 356",http://fsmlaw.org/fsm/decisions/vol9/9fsm356_362.htm
"International Bridge Corp. v. Yap, 9  FSM Intrm. 362",http://fsmlaw.org/fsm/decisions/vol9/9fsm362_366.htm
"Kosrae v. M/V Voea Lomipeau, 9 FSM  Intrm. 366",http://fsmlaw.org/fsm/decisions/vol9/9fsm366_374.htm
"In re Sanction of Woodruff, 9 FSM  Intrm. 374",http://fsmlaw.org/fsm/decisions/vol9/9fsm374_375.htm
"FSM Dev. Bank v. Gouland, 9 FSM  Intrm. 375",http://fsmlaw.org/fsm/decisions/vol9/9fsm375_379.htm
"FSM Telecomm. Corp. v. Department of  Treasury, 9 FSM Intrm. 380",http://fsmlaw.org/fsm/decisions/vol9/9fsm380_389.htm
"International Bridge Corp. v. Yap, 9  FSM Intrm. 390",http://fsmlaw.org/fsm/decisions/vol9/9fsm390_406.htm
"Primo v. Pohnpei Transp. Auth., 9  FSM Intrm 407",http://fsmlaw.org/fsm/decisions/vol9/9fsm407_414.htm
"In re Sanction of Woodruff, 9 FSM  Intrm. 414",http://fsmlaw.org/fsm/decisions/vol9/9fsm414_415.htm
"FSM v. Faen, 9 FSM Intrm.  416",http://fsmlaw.org/fsm/decisions/vol9/9fsm416_417.htm
"Udot Municipality v. FSM, 9 FSM  Intrm. 418",http://fsmlaw.org/fsm/decisions/vol9/9fsm418_421.htm
"FSM v. Zhong Yuan Fishery Co., 9  FSM Intrm. 421",http://fsmlaw.org/fsm/decisions/vol9/9fsm421_423.htm
"Chuuk v. Secretary of Finance, 9 FSM  Intrm. 424",http://fsmlaw.org/fsm/decisions/vol9/9fsm424_436.htm
"Kosrae v. Worswick, 9 FSM Intrm.  437",http://fsmlaw.org/fsm/decisions/vol9/9fsm437_442.htm
"Sander v. FSM, 9 FSM Intrm.  442",http://fsmlaw.org/fsm/decisions/vol9/9fsm442_450.htm
"Elymore v. Walter, 9 FSM Intrm.  450",http://fsmlaw.org/fsm/decisions/vol9/9fsm450_460.htm
"Worswick v. FSM Telecomm. Corp., 9  FSM Intrm. 460",http://fsmlaw.org/fsm/decisions/vol9/9fsm460_465.htm
"Department of Treasury v. FSM Telecomm.  Corp., 9 FSM Intrm. 465",http://fsmlaw.org/fsm/decisions/vol9/9fsm465_467.htm
"Bank of Guam v. Tuuth, 9 FSM  Intrm. 467",http://fsmlaw.org/fsm/decisions/vol9/9fsm467_470.htm
"FSM v. Jano, 9 FSM Intrm.  470a",http://fsmlaw.org/fsm/decisions/vol9/9fsm470a_470d.htm
"Chuuk v. Davis, 9 FSM Intrm.  471",http://fsmlaw.org/fsm/decisions/vol9/9fsm471_474.htm
"FSM v. Louis, 9 FSM Intrm.  474",http://fsmlaw.org/fsm/decisions/vol9/9fsm474_484.htm
"In re Lot No. 014-A-21, 9 FSM  Intrm. 484",http://fsmlaw.org/fsm/decisions/vol9/9fsm484_495.htm
"Kama v. Chuuk, 9 FSM Intrm.  496",http://fsmlaw.org/fsm/decisions/vol9/9fsm496_500.htm
"Simina v. Rayphand, 9 FSM Intrm.  500",http://fsmlaw.org/fsm/decisions/vol9/9fsm500_501.htm
"O'Sonis v. Sana, 9 FSM Intrm.  501",http://fsmlaw.org/fsm/decisions/vol9/9fsm501_503.htm
"Christlib v. House of Representatives, 9 FSM  Intrm. 503",http://fsmlaw.org/fsm/decisions/vol9/9fsm503_507.htm
"Simina v. Rayphand, 9 FSM Intrm.  508",http://fsmlaw.org/fsm/decisions/vol9/9fsm508_509.htm
"Nameta v. Cheipot, 9 FSM Intrm.  510",http://fsmlaw.org/fsm/decisions/vol9/9fsm510_513.htm
"Jonas v. Paulino, 9 FSM Intrm.  513",http://fsmlaw.org/fsm/decisions/vol9/9fsm513_516.htm
"Sefich v. Chuuk, 9 FSM Intrm.  517",http://fsmlaw.org/fsm/decisions/vol9/9fsm517_519.htm
"Jonas v. Paulino , 9 FSM Intrm.  519",http://fsmlaw.org/fsm/decisions/vol9/9fsm519_522.htm
"Kosrae v. Kingdom of Tonga, 9 FSM  Intrm. 522",http://fsmlaw.org/fsm/decisions/vol9/9fsm522_523.htm
"Nena v. Heirs of Melander, 9 FSM  Intrm. 523",http://fsmlaw.org/fsm/decisions/vol9/9fsm523_525.htm
"Heirs of Kufus v. Palsis, 9 FSM  Intrm. 526",http://fsmlaw.org/fsm/decisions/vol9/9fsm526_528.htm
"Nena v. Heirs of Nena, 9 FSM  Intrm. 528",http://fsmlaw.org/fsm/decisions/vol9/9fsm528_530.htm
"Olap v. Chuuk State Election  Comm’n, 9 FSM Intrm. 531",http://fsmlaw.org/fsm/decisions/vol9/9fsm531_534.htm
"Hethon v. Os, 9 FSM Intrm.  534",http://fsmlaw.org/fsm/decisions/vol9/9fsm534_536.htm
"Kosrae v. Worswick, 9 FSM Intrm.  536",http://fsmlaw.org/fsm/decisions/vol9/9fsm536_540.htm
"Taubert v. Talley, 9 FSM Intrm.  541",http://fsmlaw.org/fsm/decisions/vol9/9fsm541_543.htm
"Pacific Coast Enterprises v.  Chuuk, 9 FSM Intrm. 543",http://fsmlaw.org/fsm/decisions/vol9/9fsm543_547.htm
"Bualuay v. Rano, 9 FSM Intrm.  548",http://fsmlaw.org/fsm/decisions/vol9/9fsm548_551.htm
"E. M. Chen & Assocs. (FSM),  Inc. v. Pohnpei Port Auth., 9 FSM Intrm. 551",http://fsmlaw.org/fsm/decisions/vol9/9fsm551_559.htm
"Udot Municipality v. FSM, 9 FSM  Intrm. 560",http://fsmlaw.org/fsm/decisions/vol9/9fsm560_563.htm
"Enlet v. Chee Young Family Store,  9 FSM Intrm. 563",http://fsmlaw.org/fsm/decisions/vol9/9fsm563_565.htm
"Davis v. Kutta, 9 FSM Intrm.  565",http://fsmlaw.org/fsm/decisions/vol9/9fsm565_568.htm
"Aggregate Sys., Inc. v. FSM Dev.  Bank, 9 FSM Intrm. 569",http://fsmlaw.org/fsm/decisions/vol9/9fsm569_571.htm
"Harden v. Primo, 9 FSM Intrm.  571",http://fsmlaw.org/fsm/decisions/vol9/9fsm571_574.htm
"Department of Treasury v. FSM Telecomm.  Corp., 9 FSM Intrm. 575",http://fsmlaw.org/fsm/decisions/vol9/9fsm575_583.htm
"FSM v. Kuranaga, 9 FSM Intrm.  584",http://fsmlaw.org/fsm/decisions/vol9/9fsm584_586.htm
"Udot Municipality v. Chuuk, 9 FSM  Intrm. 586",http://fsmlaw.org/fsm/decisions/vol9/9fsm586_589.htm
"O’ Sullivan v. Panuelo, 9 FSM  Intrm. 589",http://fsmlaw.org/fsm/decisions/vol9/9fsm589_601.htm
"Damarlane v. Pohnpei Supreme Court  Appellate Division, 9 FSM Intrm. 601",http://fsmlaw.org/fsm/decisions/vol9/9fsm601_604.htm
"FSM Dev. Bank v. Gouland, 9 FSM  Intrm. 605",http://fsmlaw.org/fsm/decisions/vol9/9fsm605_608.htm
"Skilling v. Kosrae, 9 FSM Intrm. 608",http://fsmlaw.org/fsm/decisions/vol9/9fsm608_614.html
"FSM Dev. Bank v. Ifraim, 10 FSM  Intrm. 1",http://fsmlaw.org/fsm/decisions/vol10/10fsm001_006.htm
"Estate of Mori v. Chuuk, 10 FSM  Intrm. 6",http://fsmlaw.org/fsm/decisions/vol10/10fsm006_015.htm
"Chipen v. Election Comm’r of  Losap, 10 FSM Intrm 15",http://fsmlaw.org/fsm/decisions/vol10/10fsm015_018.htm
"Atesom v. Kukkun, 10 FSM Intrm.  19",http://fsmlaw.org/fsm/decisions/vol10/10fsm019_024.htm
"Ting Hong Oceanic Enterprises v.  Ehsa, 10 FSM Intrm. 24",http://fsmlaw.org/fsm/decisions/vol10/10fsm024_032.htm
"Medalbalmi v. Island Imports Co.,  10 FSM Intrm. 32",http://fsmlaw.org/fsm/decisions/vol10/10fsm032_035.htm
"Enlet v. Bruton, 10 FSM Intrm.  36",http://fsmlaw.org/fsm/decisions/vol10/10fsm036_041.htm
"MGM Import-Export Co. v. Chuuk, 10  FSM Intrm. 42",http://fsmlaw.org/fsm/decisions/vol10/10fsm042_044.htm
"Moses v. M.V. Sea Chase, 10 FSM  Intrm. 45",http://fsmlaw.org/fsm/decisions/vol10/10fsm045_053.htm
"Pohnpei v. KSVI No. 3, 10 FSM  Intrm. 53",http://fsmlaw.org/fsm/decisions/vol10/10fsm053_067.htm
"FSM Dev. Bank v. Mudong, 10 FSM  Intrm. 67",http://fsmlaw.org/fsm/decisions/vol10/10fsm067_078.htm
"In re Sanction of Woodruff, 10 FSM  Intrm. 79",http://fsmlaw.org/fsm/decisions/vol10/10fsm079_089.htm
"Hartman v. Bank of Guam, 10 FSM  Intrm. 89",http://fsmlaw.org/fsm/decisions/vol10/10fsm089_098.htm
"Davis v. Kutta, 10 FSM Intrm. 98",http://fsmlaw.org/fsm/decisions/vol10/10fsm098_099.htm
"Mobil Oil Micronesia, Inc. v.  Benjamin, 10 FSM Intrm. 100",http://fsmlaw.org/fsm/decisions/vol10/10fsm100_104.htm
"Sangechik v. Cheipot, 10 FSM  Intrm. 105",http://fsmlaw.org/fsm/decisions/vol10/10fsm105_106.htm
"FSM Dev. Bank v. Ifraim, 10 FSM  Intrm. 107",http://fsmlaw.org/fsm/decisions/vol10/10fsm107_111.htm
"Dai Wang Sheng v. Japan Far Seas  Purse Seine Fishing Ass’n, 10 FSM Intrm. 112",http://fsmlaw.org/fsm/decisions/vol10/10fsm112_116.htm
"Damarlane v. Pohnpei Supreme Court  Appellate Division, 10 FSM Intrm. 116",http://fsmlaw.org/fsm/decisions/vol10/10fsm116_122.htm
"Estate of  Johnny Mori v. Chuuk, 10 FSM Intrm 123",http://fsmlaw.org/fsm/decisions/vol10/10fsm123_125.htm
"Davis v. Kutta, 10 FSM Intrm.  125",http://fsmlaw.org/fsm/decisions/vol10/10fsm125_128.html
"Tulensuru v. Wakuk,  10 FSM Intrm. 128",http://fsmlaw.org/fsm/decisions/vol10/10fsm128_134.html
"Kosrae Credit Union  v. Palik, 10 FSM Intrm. 134",http://fsmlaw.org/fsm/decisions/vol10/10fsm134_140.html
"Palsis v. Mayor of  Tafunsak, 10 FSM Intrm. 141",http://fsmlaw.org/fsm/decisions/vol10/10fsm141_144.html
"Cholymay v. Chuuk  State Election Comm’n, 10 FSM Intrm. 145",http://fsmlaw.org/fsm/decisions/vol10/10fsm145_158.html
"Adams v. Island Homes  Constr., Inc., 10 FSM Intrm. 159",http://fsmlaw.org/fsm/decisions/vol10/10fsm159_162.html
"Anton v. Heirs of  Shrew, 10 FSM Intrm. 162",http://fsmlaw.org/fsm/decisions/vol10/10fsm162_165.html
"Elymore v. Walter, 10 FSM Intrm.  166",http://fsmlaw.org/fsm/decisions/vol10/10fsm166_168.html
"FSM v. National Offshore Tuna Fisheries Ass’n,  10 FSM Intrm. 169",http://fsmlaw.org/fsm/decisions/vol10/10fsm169_175.html
"College of Micronesia-FSM v. Rosario, 10 FSM  Intrm. 175",http://fsmlaw.org/fsm/decisions/vol10/10fsm175_189.html
"Kilafwakun v. Kilafwakun, 10 FSM Intrm.  189",http://fsmlaw.org/fsm/decisions/vol10/10fsm189_197.html
"Jackson v. Kosrae,  10 FSM Intrm. 198",http://fsmlaw.org/fsm/decisions/vol10/10fsm198_199.html
"Foods Pacific, Ltd. v. H.J. Heinz Co. Aus.,  10 FSM Intrm. 200",http://fsmlaw.org/fsm/decisions/vol10/10fsm200-205.html
"Livaie v. Kosrae Sea Ventures, Inc., 10 FSM  Intrm. 206",http://fsmlaw.org/fsm/decisions/vol10/10fsm206_209.html
"Moses v. Oyang  Corp., 10 FSM Intrm. 210",http://fsmlaw.org/fsm/decisions/vol10/10fsm210_214.html
"Kun v.  Kilafwakun, 10 FSM Intrm.  214",http://fsmlaw.org/fsm/decisions/vol10/10fsm214_216.html
"Medabalmi v. Island  Imports Co., 10 FSM Intrm.  217",http://fsmlaw.org/fsm/decisions/vol10/10fsm217_220.html
"Cholymay v. Chuuk  State Election Comm’n, 10 FSM Intrm.  220",http://fsmlaw.org/fsm/decisions/vol10/10fsm220_224.html
"Davis v. Kutta, 10 FSM Intrm.  224",http://fsmlaw.org/fsm/decisions/vol10/10fsm224_226.html
"Talley v. Lelu Town Council, 10 FSM Intrm.  226",http://fsmlaw.org/fsm/decisions/vol10/10fsm226_239.html
"Pernet v. Woodruff, 10 FSM Intrm.  239",http://fsmlaw.org/fsm/decisions/vol10/10fsm239_243.html
"Amayo v. MJ Co., 10 FSM Intrm.  244",http://fsmlaw.org/fsm/decisions/vol10/10fsm244_254.html
"FSM v. Akapito, 10 FSM Intrm.  255",http://fsmlaw.org/fsm/decisions/vol10/10fsm255_257.html
"O’Sullivan v. Panuelo, 10 FSM Intrm.  257",http://fsmlaw.org/fsm/decisions/vol10/10fsm257_262.html
,http://fsmlaw.org/fsm/decisions/vol10/10fsm263_266.html
"Elymore v.  Walter, 10 FSM Intrm. 267",http://fsmlaw.org/fsm/decisions/vol10/10fsm267_270.html
"Kosrae v.  Jonah, 10 FSM Intm. 270",http://fsmlaw.org/fsm/decisions/vol10/10fsm270_272.html
"Moses v.  Oyang Corp., 10 FSM Intrm. 273",http://fsmlaw.org/fsm/decisions/vol10/10fsm273_276.html
"AHPW, Inc.  v. FSM, 10 FSM Intrm. 277",http://fsmlaw.org/fsm/decisions/vol10/10fsm277_279.html
"Bank of FSM  v. Hebel, 10 FSM Intrm. 279",http://fsmlaw.org/fsm/decisions/vol10/10fsm279_287.html
"Kosrae v.  Worswick, 10 FSM Intrm. 288",http://fsmlaw.org/fsm/decisions/vol10/10fsm288_292.html
"FSM Dev.  Bank v. Arthur, 10 FSM Intrm. 293",http://fsmlaw.org/fsm/decisions/vol10/10fsm293_295.html
"College of  Micronesia-FSM v. Rosario, 10 FSM Intrm. 296",http://fsmlaw.org/fsm/decisions/vol10/10fsm296_299.html
"Seventh  Kosrae State Legislature v. Abraham, 10 FSM Intrm.  299",http://fsmlaw.org/fsm/decisions/vol10/10fsm299_303.html
"Lokopwe v.  Walter, 10 FSM Intrm. 303",http://fsmlaw.org/fsm/decisions/vol10/10fsm303_307.html
"Songeni v.  Fanapanges Municipality, 10 FSM Intrm. 308",http://fsmlaw.org/fsm/decisions/vol10/10fsm308_309.html
"Enengeitaw  Clan v. Shirai, 10 FSM Intrm. 309",http://fsmlaw.org/fsm/decisions/vol10/10fsm309_311.html
"Walter v.  Chuuk, 10 FSM Intrm. 312",http://fsmlaw.org/fsm/decisions/vol10/10fsm312_317.html
"FSM Dev.  Bank v. Director of Commerce & Industry, 10 FSM Intrm.  317",http://fsmlaw.org/fsm/decisions/vol10/10fsm317_319.html
"Saret v.  Chuuk, 10 FSM Intrm. 320",http://fsmlaw.org/fsm/decisions/vol10/10fsm320_323.html
"Cuipan v.  FSM, 10 FSM Intrm. 323",http://fsmlaw.org/fsm/decisions/vol10/10fsm323_327.html
"Bank of FSM  v. Pacific Foods & Servs., Inc., 10 FSM Intrm.  327",http://fsmlaw.org/fsm/decisions/vol10/10fsm327_334.html
"Jack v.  Paulino, 10 FSM Intrm. 335",http://fsmlaw.org/fsm/decisions/vol10/10fsm335_336.html
"People of  Satawal ex rel. Ramoloilug v. Mina Maru No. 3, 10 FSM Intrm.  337",http://fsmlaw.org/fsm/decisions/vol10/10fsm337_339.html
"Bank of the  FSM v. Asugar, 10 FSM Intrm. 340",http://fsmlaw.org/fsm/decisions/vol10/10fsm340_342.html
"FSM Dev.  Bank v. Ifraim, 10 FSM Intrm. 342",http://fsmlaw.org/fsm/decisions/vol10/10fsm342_346.html
"Marcus v.  Truk Trading Corp., 10 FSM Intrm. 346",http://fsmlaw.org/fsm/decisions/vol10/10fsm346_348.html
"Lebehn v.  Mobil Oil Micronesia, Inc., 10 FSM Intrm. 348",http://fsmlaw.org/fsm/decisions/vol10/10fsm348_353.html
"Udot  Municipality v. FSM, 10 FSM Intrm. 354",http://fsmlaw.org/fsm/decisions/vol10/10fsm354_362.html
"Nena v.  Heirs of Melander, 10 FSM Intrm. 362",http://fsmlaw.org/fsm/decisions/vol10/10fsm362_365.html
"Lukas v.  Stanley, 10 FSM Intrm. 365",http://fsmlaw.org/fsm/decisions/vol10/10fsm365_366.html
"Small v.  Roosevelt, Innocenti, Bruce & Crisostomo, 10 FSM Intrm.  367",http://fsmlaw.org/fsm/decisions/vol10/10fsm367_370.html
"Amayo v.  MJ Co., 10 FSM Intrm. 371",http://fsmlaw.org/fsm/decisions/vol10/10fsm371_386.html
"Marcus v.  Truk Trading Corp., 10 FSM Intrm. 387",http://fsmlaw.org/fsm/decisions/vol10/10fsm387_390.html
"Nix v.  Etshceit, 10 FSM Intrm. 391",http://fsmlaw.org/fsm/decisions/vol10/10fsm391_400.html
"E.M. Chen  & Assoc. ( FSM) , Inc. v. Pohnpei Port Auth., 10 FSM Intrm.  400",http://fsmlaw.org/fsm/decisions/vol10/10fsm400_409.html
"Foods  Pacific, Ltd. v. H.J. Heinz Co. Australia, 10 FSM Intrm. 409",http://fsmlaw.org/fsm/decisions/vol10/10fsm409_419.html
"AHPW, Inc.  v. FSM, 10 FSM Intrm. 420",http://fsmlaw.org/fsm/decisions/vol10/10fsm420_426.html
"Amayo v.  MJ Co., 10 FSM Intrm. 427",http://fsmlaw.org/fsm/decisions/vol10/10fsm427_430.html
"Adams v.  Island Homes Constr., Inc., 10 FSM Intrm. 430",http://fsmlaw.org/fsm/decisions/vol10/10fsm430_432.html
"Amayo v. MJ  Co., 10 FSM Intrm. 433",http://fsmlaw.org/fsm/decisions/vol10/10fsm433_436.html
"Carlos  Etscheit Soap Co. vs. Gilmete, 10 FSM Intrm.  436",http://fsmlaw.org/fsm/decisions/vol10/10fsm436_440.html
"Jonas v.  Kosrae, 10 FSM Intrm. 441",http://fsmlaw.org/fsm/decisions/vol10/10fsm441_445.html
"Ittu v.  Heirs of Mongkeya, 10 FSM Intrm. 446",http://fsmlaw.org/fsm/decisions/vol10/10fsm446_448.html
"Skilling v.  Kosrae, 10 FSM Intrm. 448",http://fsmlaw.org/fsm/decisions/vol10/10fsm448_453.html
"Jonas v.  Kosrae, 10 FSM Intrm. 453",http://fsmlaw.org/fsm/decisions/vol10/10fsm453_463.html
"Suldan v.  Mobil Oil Micronesia, Inc., 10 FSM Intrm. 463",http://fsmlaw.org/fsm/decisions/vol10/10fsm463_465.html
"Adams v.  Island Homes Constr., Inc., 10 FSM Intrm. 466",http://fsmlaw.org/fsm/decisions/vol10/10fsm466_475.html
"Jayko  Int’l, Inc. v. VCS Constr. & Supplies, 10 FSM Intrm. 475",http://fsmlaw.org/fsm/decisions/vol10/10fsm475_479.html
"FSM Dev.  Bank v. Arthur, 10 FSM Intrm. 479",http://fsmlaw.org/fsm/decisions/vol10/10fsm479_481.html
"Edwin v.  True Value Store, 10 FSM Intrm. 481",http://fsmlaw.org/fsm/decisions/vol10/10fsm481_485.html
"Tolenoa v.  Kosrae, 10 FSM Intrm. 486",http://fsmlaw.org/fsm/decisions/vol10/10fsm486_492.html
"Aggregate  Sys., Inc. v. FSM Dev. Bank, 10 FSM Intrm. 493",http://fsmlaw.org/fsm/decisions/vol10/10fsm493_498.html
"Udot  Municipality v. FSM, 10 FSM Intrm. 498",http://fsmlaw.org/fsm/decisions/vol10/10fsm498_502.html
"Jayko  Int’l, Inc. v. VCS Constr. & Supplies, 10 FSM Intrm.  502",http://fsmlaw.org/fsm/decisions/vol10/10fsm503_505.html
"Davis v.  Kutta, 10 FSM Intrm. 505",http://fsmlaw.org/fsm/decisions/vol10/10fsm505_506.html
"AHPW, Inc.  v. FSM, 10 FSM Intrm. 507",http://fsmlaw.org/fsm/decisions/vol10/10fsm507_510.html
"Adams v.  Island Homes Constr., Inc., 10 FSM Intrm. 510",http://fsmlaw.org/fsm/decisions/vol10/10fsm510_514.html
"Lebehn v.  Mobil Oil Micronesia, Inc., 10 FSM Intrm. 515",http://fsmlaw.org/fsm/decisions/vol10/10fsm515_520.html
"Nett Dist.  Gov’t v. Micronesian Longline Fishing Corp., 10 FSM Intrm.  520",http://fsmlaw.org/fsm/decisions/vol10/10fsm520_522.html
"Jackson v.  George, 10 FSM Intrm. 523",http://fsmlaw.org/fsm/decisions/vol10/10fsm523_527.html
"Talley v.  Timothy, 10 FSM Intrm. 528",http://fsmlaw.org/fsm/decisions/vol10/10fsm528_531.html
"Jackson v.  George, 10 FSM Intrm. 531",http://fsmlaw.org/fsm/decisions/vol10/10fsm531_533.html
"Shrew v.  Kosrae, 10 FSM Intrm. 533",http://fsmlaw.org/fsm/decisions/vol10/10fsm533_535.html
"First  Hawaiian Bank v. Engichy, 10 FSM Intrm. 536",http://fsmlaw.org/fsm/decisions/vol10/10fsm536_538.html
"First  Hawaiian Bank v. Berdon, 10 FSM Intrm. 538",http://fsmlaw.org/fsm/decisions/vol10/10fsm538_539.html
"Phillip v.  Moses, 10 FSM Intrm. 540",http://fsmlaw.org/fsm/decisions/vol10/10fsm540_547.html
"Langu v.  Heirs of Jonas, 10 FSM Intrm. 547",http://fsmlaw.org/fsm/decisions/vol10/10fsm547_550.html
"Palsis v.  Kosrae, 10 FSM Intrm. 551",http://fsmlaw.org/fsm/decisions/vol10/10fsm551_553.html
"Alafanso v.  Suda, 10 FSM Intrm. 553",http://fsmlaw.org/fsm/decisions/vol10/10fsm553_558.html
"Panuelo v.  Amayo, 10 FSM Intrm. 558",http://fsmlaw.org/fsm/decisions/vol10/10fsm558_565.html
"Benjamin v.  Attorney General Office Kosrae, 10 FSM Intrm. 566",http://fsmlaw.org/fsm/decisions/vol10/10fsm566_570.html
"Talley v.  Talley, 10 FSM Intrm. 570",http://fsmlaw.org/fsm/decisions/vol10/10fsm570_573.html
"Suldan v.  Mobil Oil Micronesia, Inc., 10 FSM Intrm. 574",http://fsmlaw.org/fsm/decisions/vol10/10fsm574_584.html
"William v.  Mobil Oil Micronesia, Inc., 10 FSM Intrm. 584",http://fsmlaw.org/fsm/decisions/vol10/10fsm584_587.html
"Adoliph v.  Mobil Oil Micronesia, Inc., 10 FSM Intrm. 587",http://fsmlaw.org/fsm/decisions/vol10/10fsm587_590.html
"George v.  Mobil Oil Micronesia, Inc., 10 FSM Intrm. 590",http://fsmlaw.org/fsm/decisions/vol10/10fsm590_592.html
"Kama v.  Chuuk, 10 FSM Intrm. 593",http://fsmlaw.org/fsm/decisions/vol10/10fsm593_601.html
"Wainit v.  Weno, 10 FSM Intrm. 601",http://fsmlaw.org/fsm/decisions/vol10/10fsm601_611.html
"Adams v.  Island Homes Constr., Inc., 10 FSM Intrm. 611",http://fsmlaw.org/fsm/decisions/vol10/10fsm611_614.html
"AHPW, Inc.  v. FSM, 10 FSM Intrm. 615",http://fsmlaw.org/fsm/decisions/vol10/10fsm615_618.html
"FSM v.  Wainit, 10 FSM Intrm. 618",http://fsmlaw.org/fsm/decisions/vol10/10fsm618_623.html
"Pohnpei  Cmty. Action Agency v. Christian, 10 FSM Intrm.  623",http://fsmlaw.org/fsm/decisions/vol10/10fsm623_636.html
"FSM Dev.  Bank v. Louis Family, Inc., 10 FSM Intrm. 636",http://fsmlaw.org/fsm/decisions/vol10/10fsm636_638.html
"Ambros  & Co. v. Board of Trustees, 10 FSM Intrm.  639",http://fsmlaw.org/fsm/decisions/vol10/10fsm639_645.html
"Ambros  & Co. v. Board of Trustees, 10 FSM Intrm.  645",http://fsmlaw.org/fsm/decisions/vol10/10fsm645_647.html
"James v.  Lelu Town, 10 FSM Intrm. 648",http://fsmlaw.org/fsm/decisions/vol10/10fsm648_650.html
"Kristoph v.  Emin, 10 FSM Intrm. 650",http://fsmlaw.org/fsm/decisions/vol10/10fsm650_654.html
"Kosrae v.  Sigrah, 10 FSM Intrm. 654",http://fsmlaw.org/fsm/decisions/vol10/10fsm654_659.html
"Livaie v.  Micro. Petroleum Co., 10 FSM Intrm. 659",http://fsmlaw.org/fsm/decisions/vol10/10fsm659_667.html
"Kosrae v.  Seventh Kosrae State Legislature, 10 FSM Intrm.  668",http://fsmlaw.org/fsm/decisions/vol10/10fsm668_672.html
"Shrew v.  Killin, 10 FSM Intrm. 672",http://fsmlaw.org/fsm/decisions/vol10/10fsm672_675.html
